ID,price
845,2329704.0
1924,935888.0
10718,1283496.0
12076,6441400.0
12254,1911088.0
9950,2864824.0
1548,2653616.0
526,1116520.0
6776,915776.0
1851,1435616.0
9188,1954672.0
3382,3136488.0
242,2482848.0
6439,1867136.0
1561,2588992.0
5339,2679008.0
7387,2410496.0
11576,1862944.0
5984,4384096.0
4486,1843392.0
2205,819104.0
3468,1220520.0
4226,2359376.0
2088,2372992.0
2118,2951872.0
8036,1553024.0
23,1226840.0
1898,2126392.0
6976,2553920.0
1465,3067896.0
2040,1474328.0
482,1090488.0
5122,1911592.0
3447,1124968.0
12877,2386520.0
3780,1339648.0
1285,1668688.0
9200,2153416.0
921,3257936.0
3060,2845040.0
1082,1035656.0
71,2958256.0
4464,1881328.0
4576,3544168.0
897,2880808.0
1756,698376.0
8745,2413184.0
806,1575344.0
803,1504904.0
7613,1496072.0
243,1301280.0
8135,1285424.0
1527,2203352.0
2825,1343216.0
666,1000704.0
12028,1547760.0
2308,2034816.0
11223,1562040.0
1479,612920.0
2057,2352776.0
2368,997096.0
7638,2797952.0
432,2290184.0
9800,1337872.0
2140,3222032.0
837,2121968.0
3227,2048976.0
12412,2576952.0
10267,1359312.0
3850,3541928.0
382,4063048.0
1280,2424376.0
2226,4253632.0
4166,3109792.0
5208,3075528.0
4513,1681784.0
10814,3143224.0
3120,2901048.0
7915,1964824.0
3513,2294168.0
9041,1326432.0
561,1336744.0
11041,2778344.0
2920,2986008.0
2042,902456.0
10220,1825600.0
11511,1761264.0
8424,2814088.0
5801,3039080.0
10746,1230664.0
11018,1069160.0
816,495328.0
10413,1681424.0
4471,3014784.0
1928,2004344.0
323,1754304.0
11548,2972568.0
12564,2752728.0
5817,3294328.0
1030,1395624.0
3888,1871640.0
2427,2001168.0
5378,1817440.0
3701,1643176.0
4536,1579320.0
3799,2780512.0
9431,2354960.0
10878,1195312.0
2028,694280.0
5598,2232920.0
5828,4996968.0
2842,2246944.0
279,2298048.0
4812,2238096.0
11406,1975640.0
1086,1417008.0
2696,1173640.0
9220,1121928.0
1496,1461960.0
3737,1207600.0
12211,3518288.0
1556,1894720.0
1066,1352128.0
1836,1134944.0
10913,1123680.0
1868,1433984.0
12610,3450304.0
12146,1700984.0
2087,1588752.0
2916,2625816.0
10188,2771808.0
3253,1462728.0
9082,2412152.0
12493,1314016.0
5898,3410896.0
8409,2372832.0
5885,2200760.0
1101,917024.0
10071,2284696.0
11403,4177640.0
728,1240024.0
11647,3653456.0
1931,2952408.0
232,3236496.0
3988,1651656.0
9416,1817112.0
1866,1882568.0
5685,2752616.0
2779,2032080.0
3294,2954328.0
1471,2262600.0
2960,1291760.0
10447,1867368.0
1220,2597560.0
69,1605160.0
2002,3969504.0
2784,2242520.0
1911,2167000.0
3023,1567096.0
3394,1790912.0
5920,1386384.0
688,3140472.0
1511,1965072.0
3572,3406832.0
12401,1175240.0
10756,2629464.0
4007,1789032.0
3230,1050896.0
12240,3203720.0
10539,1885552.0
3226,3193656.0
2280,984312.0
3650,2508776.0
8540,1413032.0
5847,1567080.0
6694,3494928.0
1336,1271112.0
2538,2213776.0
7185,3253096.0
8314,2748096.0
1204,783952.0
2020,1262832.0
2468,1511752.0
9909,2000832.0
7935,1059808.0
1361,1685168.0
6138,1649792.0
1914,3628664.0
11090,1856640.0
9320,1652368.0
172,1809440.0
823,3070040.0
1189,1169008.0
3768,612160.0
2993,1986664.0
12873,1527216.0
1146,715784.0
19,1777040.0
2113,2882048.0
5132,2534952.0
11109,2547360.0
1562,1041656.0
337,1632208.0
1981,4061080.0
546,1504552.0
7428,2168032.0
230,841704.0
412,2996184.0
2205,730976.0
9114,2572200.0
1803,2398000.0
1571,3429136.0
12362,3799168.0
8109,1788168.0
3868,3167936.0
3013,2258560.0
1011,901560.0
12983,3397272.0
116,1919416.0
3245,1704512.0
2253,3962160.0
10879,3060008.0
2246,1486488.0
11494,3009400.0
2259,3394320.0
2199,1796072.0
1692,1587136.0
5772,1773472.0
10182,2296536.0
5051,2654848.0
5033,5092872.0
11113,2276872.0
51,2154728.0
5129,1209264.0
1550,1720336.0
616,2946656.0
10151,2863344.0
6994,3433280.0
5738,2750696.0
5729,4577424.0
1122,751320.0
3406,1305776.0
2196,850176.0
3768,2677440.0
4432,2226088.0
2236,1141816.0
1743,2323184.0
2046,2478904.0
781,1118272.0
1126,831048.0
10472,3005728.0
3524,1776984.0
6922,1861312.0
6018,2368056.0
2973,2181424.0
8323,3436400.0
576,1461744.0
3118,1250272.0
5737,2816960.0
4642,3940880.0
8425,1425608.0
2245,4459080.0
12248,971168.0
2533,894752.0
3134,1460864.0
5871,2390672.0
9331,2610688.0
959,2117128.0
2753,2584320.0
2887,2065968.0
11710,2320744.0
5279,3457464.0
3249,1297736.0
9711,2749680.0
5061,2300576.0
2493,2029288.0
627,2842552.0
2618,988616.0
4698,1315856.0
1575,2183800.0
425,1222736.0
944,1547408.0
3508,1661592.0
3674,1738632.0
3351,485680.0
1348,586496.0
1421,863768.0
9134,950864.0
6348,2541280.0
1277,2609600.0
1152,1064216.0
7783,2537120.0
29,3041784.0
11244,848896.0
5924,4710984.0
3001,3762536.0
4587,1842808.0
8303,2969648.0
2439,1582072.0
3060,3367776.0
8575,4900872.0
11031,1070312.0
2056,2744072.0
8657,1292688.0
7669,2575152.0
371,2492272.0
3985,1803864.0
279,1661168.0
2964,1873088.0
5411,999488.0
4555,2625752.0
3310,2836168.0
2340,1069720.0
2139,1078416.0
578,1701888.0
2263,990088.0
11168,3477120.0
8198,1853984.0
6174,2427536.0
7566,1159336.0
5106,2917440.0
1977,1949608.0
5663,2697464.0
1398,2154496.0
2207,1217704.0
1987,937056.0
70,2130400.0
12282,3780968.0
5913,4800824.0
6506,1448616.0
3957,2167720.0
881,918400.0
1599,800344.0
1989,4116488.0
1719,1439656.0
3669,1121608.0
7029,2348960.0
3537,3020072.0
8590,2482544.0
2974,2426272.0
431,3646096.0
12647,2692712.0
2062,2931296.0
8040,1944240.0
7744,2453424.0
6155,2688560.0
98,1887984.0
3514,1496728.0
776,1514736.0
3678,620504.0
2529,1080392.0
1806,2084352.0
6359,1305872.0
200,687200.0
1477,2552176.0
1679,2796720.0
2323,2228600.0
917,1329136.0
430,797512.0
3723,1365936.0
6665,1371064.0
2719,1055896.0
10429,980128.0
428,1914040.0
3995,1580744.0
393,848744.0
2336,2316552.0
2107,1023152.0
1242,696728.0
7616,2507248.0
11586,2821768.0
762,915776.0
1677,1607504.0
9356,1497584.0
4810,2842016.0
1643,2407464.0
1977,2385016.0
1102,1220520.0
2231,3540528.0
6369,1976848.0
8299,4151952.0
9088,2543520.0
12140,1416744.0
89,6048648.0
12948,3098736.0
2387,3699448.0
9454,3102232.0
10957,2758376.0
6075,1810568.0
2665,1547616.0
6511,3100240.0
3180,1580448.0
4079,3105704.0
7372,3855552.0
10509,1465592.0
3302,2631960.0
10714,1787352.0
1794,1654600.0
6467,1865168.0
10015,2163784.0
12005,2299384.0
11832,1240976.0
7524,2133792.0
680,2729184.0
376,4175504.0
8563,2265544.0
2826,841384.0
11426,3325576.0
6426,2419520.0
649,3969608.0
2190,2159192.0
11071,2632232.0
738,973048.0
3915,3373200.0
2056,1779696.0
11297,2169688.0
2113,2086000.0
1235,895016.0
12351,2168976.0
995,881704.0
857,1757656.0
1559,1828352.0
7580,2495856.0
716,657656.0
3161,2392392.0
6287,2934216.0
3061,1603504.0
2715,2104576.0
8652,2931320.0
8978,1966664.0
11641,4770208.0
4811,2443288.0
132,3025992.0
3930,2120960.0
12963,3758224.0
3625,964512.0
2256,1476152.0
11883,1789656.0
1393,3875544.0
778,2686240.0
333,940768.0
2259,1363688.0
4898,3439640.0
975,748432.0
2130,2770656.0
12336,2316552.0
12354,3411312.0
1707,1111744.0
432,2238208.0
1815,1824912.0
12357,2103032.0
11140,3390352.0
9197,1577304.0
10500,3566400.0
12701,2519880.0
12111,3030696.0
11150,1864240.0
1933,2870056.0
4617,4423096.0
12312,2950336.0
7129,2387456.0
5744,3237128.0
3903,3536576.0
3017,3149480.0
8723,3840848.0
3629,1849976.0
2638,1034864.0
1632,1674184.0
3922,1448656.0
2216,1041944.0
5267,4415984.0
11091,1365224.0
4964,2777656.0
678,1185704.0
4678,1334344.0
9836,1769280.0
8905,3317592.0
3150,973752.0
1805,2546256.0
11262,2013520.0
8024,3033800.0
12988,1820072.0
1611,1382624.0
3466,1246768.0
2127,1317984.0
497,3171632.0
1647,919592.0
2848,985776.0
293,1732152.0
7256,2491896.0
9063,1756584.0
6441,2675032.0
47,2858368.0
5323,1332616.0
6487,1851936.0
1948,2124200.0
1659,2582104.0
1213,1318024.0
11663,3311040.0
3954,3004664.0
724,2382952.0
1930,1500224.0
7833,1004056.0
814,1935360.0
12190,1935816.0
4080,1999968.0
11344,2611600.0
272,1488864.0
10180,863504.0
6099,3266888.0
5797,2002584.0
7476,2429424.0
833,2755560.0
5545,2296776.0
630,2353136.0
1502,1467664.0
12148,2022136.0
1605,1759336.0
2365,1340000.0
12494,1952016.0
6244,2682616.0
3130,1334984.0
1870,1640200.0
10144,1561728.0
3752,957832.0
5798,3665464.0
1765,1498696.0
11929,4307368.0
3241,2794928.0
8324,3114528.0
2688,970712.0
2912,2230464.0
6742,4214192.0
2694,2313744.0
5237,953800.0
9138,3014656.0
1773,1510752.0
3607,1707400.0
3968,1741960.0
1140,2338664.0
9624,826488.0
8311,2199856.0
202,4785432.0
2982,815288.0
180,2202440.0
3157,1397960.0
2959,2265928.0
1436,1614848.0
10813,3704848.0
7478,2179928.0
10467,2946216.0
5901,3289384.0
5981,1723456.0
8065,3549376.0
190,882712.0
6240,2366304.0
1935,3310920.0
2952,827440.0
8170,2246328.0
710,1525464.0
667,969160.0
543,4620040.0
3688,1070656.0
3302,2058040.0
664,1274848.0
7706,2492472.0
2076,2832008.0
2500,3943424.0
2020,1747880.0
1913,1421000.0
3160,3659056.0
11817,1642432.0
5955,2017504.0
4195,1314352.0
939,2793176.0
7386,1877416.0
12448,1709304.0
163,1622144.0
831,1831544.0
1634,2000832.0
495,1314304.0
3411,1876640.0
8095,1603224.0
2251,1502480.0
1891,1194960.0
7473,2344384.0
8557,1476984.0
5766,2048760.0
9849,2182840.0
12269,2380272.0
5402,3156928.0
3601,2088336.0
9895,1304216.0
3909,1161008.0
10595,2158424.0
460,3312656.0
2883,734264.0
2405,897768.0
2969,1742392.0
268,1621912.0
558,3188360.0
10556,1638728.0
5476,2290320.0
8017,1879960.0
4865,2354600.0
11378,1955488.0
1364,2514680.0
3185,1872384.0
12622,1407200.0
1135,1700088.0
505,3288568.0
6459,1807768.0
10303,2578864.0
11899,1475400.0
3116,925984.0
10073,2921488.0
3393,1215760.0
860,2197936.0
2410,1931832.0
5662,2592704.0
2210,1493672.0
500,2464960.0
1487,1444600.0
1971,1379968.0
9792,4071816.0
1768,1527744.0
1871,925168.0
12803,2161856.0
3923,1599304.0
431,1080064.0
3151,1458248.0
4653,2814584.0
9918,4724336.0
134,3491128.0
6377,3122728.0
3233,3744928.0
1580,890296.0
3384,2319800.0
7289,4367096.0
9381,1523128.0
12592,2658824.0
587,1938976.0
7607,3194856.0
6963,2753872.0
8521,3136808.0
10499,2982280.0
12036,2359616.0
7020,2653144.0
8743,3252232.0
12157,2100312.0
11239,1652424.0
3663,2981096.0
9637,3111624.0
8276,1381096.0
3010,4971944.0
2409,1720688.0
6257,1486272.0
2017,1400088.0
12678,3412696.0
6112,3531536.0
2189,1076136.0
1080,1892768.0
2690,1425088.0
6163,2232672.0
5107,1710080.0
322,905416.0
6522,3445720.0
2068,2930456.0
3792,839528.0
2882,2302592.0
5589,1337736.0
5400,1445096.0
2114,2249160.0
111,2651216.0
4343,4008744.0
1712,3078592.0
548,401256.0
3872,750608.0
7453,1514592.0
3551,2869456.0
2332,1688632.0
1934,2668432.0
9736,1860000.0
1182,2999496.0
508,1726632.0
11486,3004504.0
8871,2870080.0
2011,1835568.0
4175,996448.0
1323,1412016.0
10789,2840152.0
6130,2547192.0
435,2906872.0
10805,1518056.0
3055,1841408.0
6164,2050096.0
5656,2434232.0
7336,2764824.0
4469,2179728.0
2136,1557584.0
5535,3564840.0
1231,3170904.0
11272,3139280.0
1021,990032.0
2761,1442384.0
4704,2069416.0
2705,1508528.0
435,2822376.0
7989,3612824.0
2544,1555088.0
3767,1529752.0
7294,1817360.0
11474,1522768.0
2330,1856352.0
6619,1528152.0
6490,2991184.0
63,2820240.0
967,3213112.0
9740,2576280.0
1763,2332616.0
9782,2782976.0
2731,1586096.0
343,1675992.0
561,1066056.0
6501,1958328.0
10554,923568.0
2074,1198832.0
12584,3220656.0
1873,2276864.0
1213,907992.0
5906,2949976.0
3139,952520.0
4940,2868544.0
2446,1948432.0
835,996016.0
10184,1444040.0
11460,2204616.0
2817,4221648.0
10662,2703912.0
9273,1932824.0
219,1782944.0
12943,2251392.0
1058,2133760.0
788,1523672.0
1160,1146376.0
2653,3340032.0
10599,5148416.0
5800,3568960.0
131,3008488.0
3095,3308176.0
1823,2438904.0
5447,3961888.0
12900,728936.0
1316,2114976.0
319,2138656.0
10480,2136872.0
574,1190096.0
2822,2467264.0
9437,1778600.0
4272,3750960.0
1782,2710464.0
11922,1753816.0
11326,1190664.0
1804,2244352.0
2003,3410216.0
7570,3733816.0
9632,2821416.0
74,2708352.0
7627,1523312.0
11876,1671344.0
1285,1954352.0
2212,1904064.0
2104,2523328.0
2659,2689008.0
1178,1766936.0
3876,1228008.0
677,1100408.0
6856,1646616.0
4256,3129576.0
12061,1370920.0
1948,1960152.0
12461,4591952.0
2673,2329296.0
11313,1601368.0
2597,2394704.0
457,894296.0
1430,1134072.0
8795,4274000.0
10465,857624.0
9807,3103568.0
1936,1628816.0
10108,975792.0
2310,2073456.0
10840,2594824.0
6251,1163968.0
1811,4530808.0
12972,3804176.0
12258,3423712.0
1830,1016064.0
8947,1983544.0
4771,1113488.0
838,1392096.0
2193,925800.0
11547,1823984.0
1058,2293552.0
4039,3328664.0
1462,1763072.0
8680,1535056.0
6921,3201240.0
1385,891984.0
410,1078456.0
8002,2144896.0
10165,1739416.0
351,1741856.0
1135,658712.0
3838,3420200.0
1287,4084408.0
3704,1449632.0
11620,2303896.0
5601,2349288.0
429,3164136.0
390,1189288.0
100,1124312.0
10524,2298728.0
12626,1367168.0
3230,2321376.0
9761,2179888.0
7283,2067496.0
1024,2043616.0
204,1815328.0
11060,1797528.0
10291,1116000.0
3743,2740320.0
2592,1386832.0
9023,2998952.0
11890,2545712.0
6321,2067216.0
1635,2288528.0
1501,1294640.0
11908,3006208.0
1103,2372864.0
1706,1706080.0
12992,2249280.0
1679,952448.0
2914,3608240.0
5886,4680968.0
3309,2903000.0
9983,2583368.0
10866,2953880.0
12463,2557488.0
9921,1582024.0
9528,2373136.0
8552,1144984.0
11997,5415056.0
8663,1557904.0
4638,1791736.0
247,977656.0
2111,1356376.0
2790,2592464.0
1935,1630440.0
7861,1252248.0
8018,2824800.0
9560,1950264.0
12985,1579744.0
2944,1354336.0
379,2248048.0
10391,2582520.0
2871,759792.0
1077,3483128.0
3339,2733976.0
476,2196160.0
1235,659232.0
2543,862992.0
50,2537024.0
10897,3167440.0
4624,2711288.0
1752,2187872.0
1490,2432728.0
3539,690208.0
11184,1339512.0
3867,2711256.0
609,879008.0
8666,1232408.0
5641,2550240.0
1376,2387552.0
11866,2586376.0
3832,1556032.0
3371,2285184.0
327,1490104.0
93,1784920.0
2066,2423368.0
1258,1833040.0
6068,1280632.0
1106,1984400.0
1010,3735104.0
175,3216104.0
9972,1356376.0
9963,2652616.0
12114,2687288.0
2204,1935512.0
792,2935816.0
288,1328968.0
1423,3344888.0
5514,1840408.0
11875,4069240.0
3955,3061312.0
6193,2966736.0
7041,1443168.0
3317,910384.0
784,3383248.0
8629,1939640.0
8620,4021952.0
8103,3337520.0
2801,1693512.0
8798,1467920.0
2569,1442992.0
3005,1799712.0
398,1294312.0
5046,4057008.0
4847,1381080.0
4917,2457368.0
615,2134208.0
3047,1100712.0
10407,2615784.0
6145,1375432.0
1161,1456864.0
162,2165832.0
9438,3229128.0
12852,2830352.0
6389,1729336.0
8115,1996296.0
7578,1732696.0
1044,1009024.0
1111,2351792.0
1394,1020512.0
1311,3617848.0
5018,1621512.0
4789,3836984.0
577,2856240.0
5043,1931920.0
1072,2577632.0
6541,2743888.0
7698,2782960.0
642,854016.0
6667,2507184.0
6388,1058936.0
3809,1726112.0
8445,3016392.0
1045,2368872.0
9038,1683656.0
1431,1048200.0
2448,1770112.0
3348,3044640.0
3412,1205624.0
4478,1121144.0
10821,1838096.0
6759,3177784.0
5318,2573752.0
3322,1491640.0
1047,2757568.0
2272,2398328.0
8808,886184.0
6987,2687696.0
3031,1462264.0
1372,2360248.0
11810,2263896.0
870,1805544.0
5742,4216600.0
1386,2262096.0
2266,578096.0
4279,2662408.0
1454,990312.0
903,2356632.0
6594,2911608.0
750,1178256.0
142,2569936.0
12371,3882584.0
1617,1782464.0
4640,2017568.0
4569,1332984.0
316,1541920.0
10926,3234272.0
2374,909168.0
12550,1306648.0
709,3252096.0
158,2074688.0
1429,1728656.0
3854,2414712.0
2863,905416.0
10621,1499408.0
4289,2523184.0
6055,2008208.0
9832,2569104.0
2693,2767536.0
7011,1302704.0
2688,1734904.0
10259,3704848.0
10235,917248.0
9786,3030536.0
3014,2914552.0
9434,1836136.0
9764,2502088.0
2423,2123752.0
651,1432432.0
3610,1410104.0
1899,2303536.0
1063,1492096.0
4294,1895240.0
1422,2179680.0
10612,1166608.0
4837,1430944.0
4501,2561544.0
10549,2240880.0
1114,1333200.0
88,1676880.0
7817,4781384.0
1980,2622032.0
1151,3111408.0
2404,1606192.0
4641,3156888.0
2942,4890480.0
607,2084320.0
4293,2596784.0
5274,949856.0
2701,2823584.0
445,1564896.0
7846,2699760.0
1138,1991936.0
7784,1540696.0
11617,3275960.0
1483,850752.0
11159,1782712.0
8513,1717680.0
8892,1285336.0
2759,2360648.0
4645,2240648.0
2505,1755992.0
2017,1625800.0
9450,3479992.0
2271,1819952.0
2548,1622216.0
541,2191648.0
2449,1794328.0
8912,1440576.0
3996,1628144.0
3866,1281592.0
2885,2413376.0
2111,900736.0
95,2501760.0
3071,2217552.0
10344,1323264.0
160,991696.0
1039,1068272.0
1306,2325992.0
2725,1837776.0
868,1164856.0
11937,1455808.0
2177,652496.0
4366,1160296.0
2742,3882088.0
12845,3444504.0
624,4315592.0
1659,3441888.0
6569,886688.0
179,2120008.0
12103,3311024.0
450,1613408.0
5796,2207296.0
2573,3024912.0
4685,1626552.0
1325,1110400.0
2623,1995312.0
3088,1097072.0
8992,3477720.0
9195,1642416.0
2862,1219272.0
4097,1461184.0
12294,1376560.0
1600,2140792.0
8716,2609656.0
11537,757160.0
7663,990640.0
1206,1052496.0
2184,2551776.0
3525,3013072.0
9221,3218088.0
2166,810848.0
3445,3053776.0
2278,2108176.0
4525,1361632.0
1354,2369680.0
10348,3180192.0
2023,2627656.0
1672,1291816.0
531,1221256.0
2048,2886040.0
429,1316336.0
9757,3648968.0
8636,1525136.0
7959,3540048.0
2886,2238464.0
679,1390528.0
1270,2109824.0
1618,2942088.0
1033,1921816.0
4672,1439216.0
5523,1619536.0
2398,2378272.0
1028,2731448.0
459,3016312.0
11788,2003008.0
3931,2096056.0
410,1744448.0
721,3239320.0
1490,3742912.0
2979,1144152.0
1967,1642640.0
3898,1994760.0
929,3229928.0
398,2960544.0
3304,1038800.0
2264,2421336.0
5436,2617856.0
5225,2726168.0
8587,2800584.0
4849,4001080.0
499,1107752.0
1460,2054552.0
2464,817112.0
2683,2017160.0
9029,3618632.0
3188,1660416.0
1737,1075576.0
549,3134640.0
1390,755816.0
10437,2914024.0
2787,882936.0
4062,3229344.0
777,1451624.0
5135,1882040.0
3521,1201880.0
2750,965544.0
12286,2800408.0
3857,1915248.0
578,2293720.0
1944,2021512.0
3511,2052112.0
3262,1448816.0
1148,975824.0
11137,2554216.0
2426,4377528.0
12440,1805584.0
2704,5256232.0
1222,1664392.0
2707,1136680.0
10643,2738704.0
2534,1196720.0
1777,1763112.0
2331,1473800.0
12938,2940888.0
1139,1338816.0
1636,1240024.0
3224,2856704.0
5747,2561712.0
604,3418696.0
1346,2478904.0
9891,2639056.0
2653,2226824.0
10722,2751512.0
2214,1198024.0
8519,2359136.0
3869,3129040.0
780,728936.0
5483,2925384.0
2495,2104808.0
251,1305944.0
8327,2957304.0
9610,2244656.0
2949,2239920.0
3713,2663224.0
2281,2339624.0
1704,2175768.0
2849,1929808.0
11160,1285512.0
5196,2856216.0
901,1585320.0
2204,889400.0
2348,909592.0
11923,1980496.0
3286,2032264.0
12299,1431952.0
1181,2892672.0
8251,1784024.0
2897,1641104.0
12548,2181008.0
2794,512032.0
2835,824864.0
1115,2401776.0
9351,1430312.0
12288,3033808.0
6764,1656096.0
2009,4522176.0
1484,634072.0
12829,1803336.0
610,816408.0
2018,965448.0
8818,2571728.0
2270,1255520.0
7844,2575984.0
1755,1205040.0
3485,1156472.0
2501,1627056.0
2953,1159752.0
1395,568880.0
2171,1084904.0
687,1237504.0
1644,2822800.0
1697,1780712.0
3814,1615968.0
2740,1398592.0
2793,2069264.0
9962,1303408.0
641,3106696.0
12391,2668240.0
2590,2362536.0
994,3662520.0
2645,1463952.0
11386,2935816.0
1681,1034048.0
2564,1717376.0
7876,1661936.0
1345,1083568.0
1417,1620704.0
615,1827576.0
2700,3221712.0
6521,1588056.0
2526,2762168.0
3038,2046960.0
5790,1088680.0
1919,1508648.0
5052,2175536.0
8895,2526760.0
12142,3761104.0
799,1889064.0
12389,4552216.0
1393,2820216.0
1373,3659056.0
12110,2996416.0
6469,2390824.0
1913,1697880.0
9400,1667048.0
570,1263584.0
1728,910920.0
7188,4225496.0
133,2791536.0
10485,4823200.0
3011,2189024.0
277,2621768.0
2296,3482512.0
10784,2648656.0
1749,1450456.0
1353,2030032.0
11853,2404216.0
2426,472376.0
4998,2257688.0
10103,6322904.0
2930,1613368.0
92,3559016.0
258,824904.0
2074,1884808.0
417,1908672.0
2592,3988344.0
6207,1794912.0
1173,1389136.0
3596,3560072.0
10366,1269552.0
1972,3634056.0
129,1449632.0
2375,2417096.0
2425,1632248.0
3938,1841864.0
30,1383784.0
1210,2483072.0
6950,2052112.0
4565,1085536.0
9377,1513128.0
1813,1436688.0
1529,1528568.0
1350,2509304.0
9627,3702904.0
4201,3159040.0
5115,1902056.0
10237,1045552.0
6367,3379464.0
2532,1934848.0
1267,2446256.0
1553,1001536.0
8861,1145928.0
11037,3090432.0
2019,1235104.0
983,1556944.0
6254,4299200.0
6036,2790048.0
7896,3374856.0
11579,4115216.0
9071,2455800.0
1415,3117656.0
8738,2154424.0
2421,912984.0
3887,2432608.0
2603,2036424.0
10495,1535320.0
7241,3600832.0
1486,577336.0
840,2531400.0
12633,2045792.0
3935,1635944.0
1506,2154528.0
51,962792.0
91,1228600.0
6525,2945224.0
2022,1536288.0
11218,1848208.0
10449,3282960.0
2851,2125488.0
1613,1905632.0
9444,2441672.0
10252,1137456.0
2062,2496808.0
6079,2645328.0
7797,2014968.0
739,1098664.0
12617,2829632.0
1809,2474112.0
9854,4558408.0
9749,2613808.0
12025,3730032.0
1865,650808.0
1647,3220200.0
6023,2375472.0
10484,2044768.0
839,3664472.0
1250,2703040.0
12366,2881640.0
680,481080.0
3932,3360864.0
2764,4685360.0
11247,1889184.0
1469,2260104.0
2899,1242128.0
6022,1918080.0
88,3018992.0
2565,1295264.0
3091,2257056.0
11493,2335704.0
2102,2325992.0
1296,2826512.0
2091,4335392.0
3628,1063168.0
2869,2680416.0
953,3226368.0
934,2295040.0
2249,942488.0
8793,1377272.0
3503,2158848.0
5399,1647392.0
10727,2437408.0
3345,1115112.0
3402,1030528.0
7074,2623512.0
11381,1217704.0
48,1396432.0
12174,3496520.0
4823,2253240.0
8407,2500424.0
1898,4647080.0
3382,1179040.0
10289,3155648.0
2692,1949720.0
2014,2343448.0
8442,1655720.0
592,2106352.0
8920,2512664.0
4724,2553896.0
2187,2490736.0
4833,3415248.0
612,1219024.0
2465,3340664.0
12325,1728488.0
11278,1508368.0
8705,2583976.0
1026,686168.0
7917,2998976.0
974,4482936.0
2184,1242024.0
3273,1025872.0
3670,1372304.0
3516,1587008.0
11682,1673152.0
12243,2214448.0
7650,3181664.0
6091,2614904.0
12793,3052512.0
550,2776632.0
7754,3636392.0
763,1472304.0
1862,2580440.0
2306,2040896.0
11541,3579192.0
10529,2063744.0
9305,2362440.0
7135,1341896.0
2188,2686880.0
7038,3267536.0
1657,2064312.0
4952,1616216.0
3889,2061808.0
2106,2140792.0
6859,2821008.0
2293,2316496.0
1298,1886624.0
8050,652664.0
10507,4332272.0
5172,2500664.0
2241,1370920.0
7951,2524904.0
3554,1669840.0
970,2358088.0
3860,1839624.0
8588,847544.0
1870,989776.0
7348,1876344.0
196,3727584.0
97,2326360.0
6568,2508304.0
642,1817960.0
647,1055864.0
2637,1135976.0
2150,1454088.0
928,2164408.0
3658,1898632.0
12807,1080064.0
1776,2259864.0
2571,2514024.0
1857,3619968.0
5497,2400104.0
2231,2384888.0
661,1567096.0
2243,1681712.0
7044,1531608.0
8878,1966248.0
342,3182048.0
4563,1203400.0
3868,2294496.0
722,1679224.0
7869,1366136.0
12770,1446808.0
7153,2980896.0
2575,2361496.0
1107,1658456.0
29,4200256.0
2399,1606480.0
6602,1658432.0
73,1566704.0
4562,2727808.0
8356,3164896.0
490,2274304.0
960,1202736.0
3896,2519864.0
9620,2836184.0
7125,2065328.0
10693,2953720.0
4118,2594776.0
3906,1813632.0
501,3207688.0
6236,1639656.0
3483,1283440.0
5479,4620080.0
895,1675976.0
2030,2149488.0
172,1337176.0
2958,3348240.0
7839,2480960.0
8851,1110968.0
127,1610792.0
2560,2207656.0
4851,1904848.0
6203,1757720.0
532,3075792.0
1183,965880.0
1448,1210304.0
37,1743704.0
2830,2114600.0
10753,1836456.0
9524,1942488.0
6280,2583216.0
402,3064648.0
6876,4796560.0
1609,1407560.0
2450,2111752.0
3291,3457544.0
2352,1813136.0
3781,2459264.0
4227,728824.0
4213,1833528.0
8840,4044968.0
10260,4760576.0
12518,2030144.0
1065,1076280.0
2150,4388752.0
3717,566448.0
442,3019392.0
10770,2273160.0
3066,2335456.0
8577,2766320.0
663,2954656.0
9176,2589144.0
937,1277928.0
3904,1330296.0
1621,2239440.0
12739,1635280.0
3235,1327368.0
2068,3906888.0
6399,2552608.0
3110,3203616.0
2018,1547144.0
280,2359168.0
10385,1797168.0
1864,2828968.0
3761,2220280.0
9392,2321424.0
6621,3219888.0
1855,2566360.0
638,3018336.0
2375,2091704.0
9563,1761672.0
4036,1466088.0
3626,1978848.0
3099,1583968.0
1468,972304.0
11004,4331240.0
1031,2020344.0
1633,1143880.0
3541,2978256.0
1937,1110512.0
7248,1111080.0
10846,2746992.0
1034,745416.0
2007,3409672.0
3510,2246672.0
6047,3670864.0
5934,2120008.0
8855,1525016.0
109,2290192.0
2261,3218992.0
7075,4094416.0
1129,967552.0
9161,2875712.0
10779,2265544.0
1764,2099904.0
2364,691360.0
1297,798952.0
5575,1834072.0
11287,1785528.0
2218,1079760.0
6902,2130776.0
1025,1481632.0
3027,3181816.0
1594,1185432.0
4691,3826360.0
303,3760920.0
12095,2785552.0
2652,1224216.0
2708,1914936.0
1141,3657608.0
10822,2205616.0
6808,2675376.0
2605,1788200.0
10096,3360600.0
1381,480968.0
8294,2940888.0
1889,1670768.0
1212,2887416.0
10068,1403992.0
2463,1670608.0
2448,2099936.0
4842,2392384.0
7712,1608312.0
79,2833944.0
6666,2166008.0
6711,1985792.0
10570,1568128.0
3320,2254384.0
8386,1954472.0
11428,3560984.0
10059,2994560.0
8479,1655672.0
9567,1610592.0
8699,2480680.0
2722,1433600.0
522,2146096.0
7905,2952464.0
1710,1019344.0
5986,2708288.0
7495,1113160.0
12565,1775232.0
1535,2021048.0
1213,3498328.0
3169,1892768.0
2223,2664216.0
654,1520720.0
6224,2513104.0
1606,2900808.0
10028,2174448.0
11557,2941280.0
2361,1676624.0
8490,2538016.0
223,2122360.0
503,828328.0
5561,3242384.0
11943,1320144.0
1310,2229608.0
1002,2591240.0
6973,1985472.0
840,1385824.0
256,2648624.0
4188,2591976.0
10081,2603832.0
2242,1293600.0
827,1894304.0
255,700544.0
520,1522872.0
1243,2291488.0
2969,2742328.0
9181,1885240.0
7858,2356120.0
7802,2857048.0
118,933680.0
7583,3513920.0
10701,4212392.0
12038,2912680.0
136,2884184.0
2905,4714760.0
3315,1370920.0
1736,2789112.0
11540,2847576.0
2415,1060688.0
1273,3272568.0
209,2446272.0
9745,2049920.0
2754,969592.0
3307,1618232.0
1149,954616.0
6019,1716824.0
10655,1875840.0
7788,2144808.0
1389,1458656.0
1231,1904192.0
3876,796080.0
4447,4915192.0
3857,1115144.0
203,2843360.0
589,2470336.0
1119,2384816.0
2703,1663592.0
10654,1928784.0
1051,1929992.0
8932,2517568.0
702,2332200.0
5295,976272.0
4871,3253960.0
446,3660256.0
1435,1162672.0
9863,1935016.0
12725,2391672.0
12223,1830400.0
1327,1844784.0
3098,2495064.0
7499,2859192.0
12799,1881056.0
10114,2379320.0
4841,1583216.0
5654,2057888.0
12892,3126144.0
1984,1466096.0
12763,1440656.0
1098,1617008.0
140,1201728.0
1733,1316680.0
7930,765224.0
7058,5017416.0
1345,624408.0
3325,2042000.0
4419,2437848.0
8287,3556992.0
12890,4317240.0
4284,2319824.0
1873,1338432.0
1724,2029336.0
2749,1914776.0
7252,1162936.0
9690,1937832.0
3297,975616.0
1316,526432.0
8515,1114960.0
3875,1813352.0
1797,1633800.0
5022,2727128.0
6768,2956624.0
1052,1882256.0
6555,1981776.0
12783,2455280.0
5357,3077736.0
8455,846848.0
5750,1275384.0
2485,1827576.0
10644,1874504.0
2403,1355632.0
6455,3101184.0
869,1815256.0
10287,2334080.0
1176,1955384.0
253,1510968.0
2072,1764840.0
7435,4100080.0
2255,2434720.0
976,2752104.0
12808,3539128.0
81,1211416.0
11759,1349320.0
2774,1565248.0
9564,3246456.0
11767,1517744.0
11667,3695440.0
2752,1838960.0
2796,2717752.0
8134,1725040.0
6565,1557968.0
3079,2741384.0
2900,1084456.0
939,1608144.0
5256,1578528.0
3679,1599352.0
2790,1639176.0
4961,1978256.0
1347,773216.0
7113,3246848.0
2698,1817392.0
314,1509152.0
739,1982320.0
977,1632824.0
5363,2223504.0
9890,2976808.0
4067,3837544.0
3978,1639016.0
3108,3007192.0
5471,1678632.0
8486,2511888.0
8700,2966296.0
5957,3181200.0
898,575952.0
2128,3171448.0
5260,1603896.0
155,4779880.0
2100,1079760.0
1649,2969712.0
3406,2536592.0
1510,1916776.0
5722,2003400.0
3785,2464496.0
12458,1691616.0
988,3219968.0
1704,806888.0
631,4214752.0
689,875784.0
11499,2046616.0
9810,2604744.0
2733,3435248.0
8210,1520096.0
10742,2349736.0
1572,1758688.0
4198,5370904.0
1696,3308528.0
12662,2343528.0
11201,1124032.0
163,1586760.0
9225,1885384.0
2352,3091248.0
847,1950072.0
9662,3278120.0
244,869104.0
536,1109432.0
422,1148352.0
2839,2788208.0
2491,2093488.0
2261,1644344.0
9914,2470424.0
8856,2113352.0
197,3508288.0
2536,940136.0
9175,871512.0
930,1152664.0
472,1483848.0
4435,3111760.0
5614,2654496.0
10211,3123216.0
647,2420408.0
9040,3004520.0
1971,1768544.0
8394,2433936.0
2711,926944.0
244,1563328.0
2658,1298456.0
2249,1307816.0
10266,3071568.0
2898,1801656.0
3820,3399992.0
10515,1331768.0
1343,1962928.0
1174,1124400.0
2451,2225224.0
2477,2053464.0
2770,2993976.0
3026,3750560.0
7374,2177704.0
6333,3425440.0
3523,3416072.0
2305,2830416.0
2327,2525296.0
112,2555536.0
10649,3224296.0
10685,2880808.0
1327,2127320.0
9013,3050544.0
2257,1872600.0
298,1722216.0
1573,2369264.0
345,1449632.0
4708,3803392.0
9169,2124448.0
1673,1633216.0
479,2282408.0
9150,2842056.0
8230,1009792.0
9271,2990704.0
655,1575040.0
2428,1272856.0
178,3388472.0
6114,4290584.0
8721,2618472.0
2424,2508160.0
10690,1082064.0
2655,950024.0
1403,2573016.0
3741,1210224.0
3782,2867088.0
6751,2326536.0
8488,4149072.0
4798,2604888.0
867,1326736.0
6684,2671712.0
3705,620544.0
2263,2734888.0
1885,2986512.0
11727,1493736.0
2754,898136.0
11535,6521440.0
4684,3236472.0
12297,3607872.0
9472,3017312.0
3247,2050096.0
6084,1024848.0
4000,2406552.0
9199,1911384.0
8137,3603496.0
7242,2749264.0
836,1516040.0
3353,1977128.0
11458,2189208.0
245,1415304.0
1835,3166904.0
94,1733688.0
11782,1160360.0
1942,1128328.0
7776,4675912.0
1818,1443376.0
1761,2856808.0
6712,1102976.0
608,1446808.0
1378,716528.0
1269,2426992.0
443,1951040.0
10961,2582704.0
8476,2880304.0
1105,942944.0
7151,2819904.0
1189,1186240.0
2628,1582752.0
2506,1760904.0
1807,1739728.0
2187,1282368.0
1956,1939232.0
1839,1206712.0
2356,2038528.0
4144,1903560.0
138,558976.0
6787,1687432.0
6956,1324872.0
2700,1765384.0
2438,1625528.0
1881,1581952.0
2350,1327920.0
7230,3023728.0
2687,3209672.0
7940,2847456.0
888,1700064.0
47,2848752.0
9946,1014208.0
9653,2747416.0
6632,1809648.0
546,3741848.0
2257,3996984.0
11818,1902120.0
10803,1916472.0
8030,2885880.0
1708,2327720.0
454,4402176.0
137,3391776.0
3288,1706152.0
2250,2532112.0
121,3121048.0
2185,1710096.0
2621,1345592.0
8734,1465248.0
2220,1801584.0
679,1038744.0
5566,2217840.0
286,1312152.0
6181,2067144.0
4809,1616376.0
8203,2058368.0
737,687312.0
2559,2082744.0
8220,1309776.0
9966,1848880.0
10406,2518440.0
11293,3068984.0
10997,2303784.0
2281,1711080.0
2320,1806888.0
3333,2581424.0
2105,1781568.0
468,3863224.0
2538,3423256.0
3243,4740608.0
12154,1531000.0
2400,2489032.0
9930,2772504.0
4199,1094936.0
1406,1396432.0
2387,1849096.0
2802,1403440.0
11837,3745160.0
1445,2007984.0
1191,2437976.0
2398,937488.0
420,2091368.0
11892,3671688.0
2520,1944016.0
3698,1592520.0
3740,2613208.0
8628,3050000.0
1282,2361472.0
6708,2520056.0
11123,3539920.0
2188,1340344.0
421,1193784.0
8290,2697048.0
701,1035656.0
1472,1233792.0
12014,2561992.0
5532,2179744.0
8595,2112096.0
1007,749520.0
2199,1322440.0
7884,2205224.0
3016,1583832.0
1652,1416856.0
10038,1541104.0
8529,3522632.0
5665,4057240.0
1482,1962624.0
804,1631752.0
2089,2052112.0
4003,1925120.0
2570,2509160.0
735,1181144.0
9674,3873704.0
12862,4162400.0
7123,1020840.0
5091,2995848.0
594,1665608.0
1410,3183848.0
6190,1923168.0
6574,1921720.0
2843,1005120.0
2933,6511040.0
10339,2756968.0
159,1763760.0
3459,4059976.0
4015,2869072.0
797,954352.0
448,1570752.0
9177,1301480.0
892,1181144.0
2397,1485376.0
486,1539960.0
3686,840872.0
9760,3435752.0
3676,1285400.0
12308,2056624.0
3029,2271216.0
1827,4320432.0
2762,1991944.0
926,1226104.0
1276,3872192.0
179,1658640.0
3396,1065656.0
12047,833192.0
9881,3738528.0
104,3405696.0
11364,1431248.0
5227,2371768.0
10670,2508368.0
3362,2245744.0
5059,1106656.0
4004,3788520.0
12160,3224752.0
8662,2331424.0
11542,2509088.0
1802,1460128.0
2614,1591504.0
10993,1477920.0
12951,2971896.0
7364,2453488.0
2879,685824.0
12898,3787368.0
3057,1553080.0
2161,4536408.0
3632,2585504.0
5259,3162336.0
5186,2134152.0
3359,3451024.0
714,1288704.0
1185,1815744.0
6093,1895656.0
4308,1744328.0
463,1962896.0
1252,1325392.0
12730,2209800.0
10648,2381992.0
8691,2245184.0
9327,2884904.0
632,1789104.0
3334,2693480.0
12758,3675728.0
4318,2903568.0
1146,3310760.0
232,2196848.0
3623,1621584.0
877,1854480.0
5469,4129680.0
10442,3444008.0
10574,3029352.0
5272,1427000.0
3769,730504.0
2301,2986272.0
7639,3314168.0
1538,3597440.0
375,1518104.0
3802,1852776.0
10521,1569136.0
2722,446544.0
1697,1007168.0
12129,1826072.0
3444,2748856.0
3074,1434136.0
1422,1192936.0
7877,2945328.0
6134,4397120.0
528,1277056.0
5537,2267704.0
1523,1300176.0
5610,1466800.0
3692,1876600.0
6061,2486528.0
9957,2028824.0
1197,1948864.0
1693,1655520.0
1719,665240.0
482,2874584.0
1574,3769360.0
2985,2275736.0
6259,3418704.0
3900,906472.0
2583,3183664.0
3950,2543008.0
1467,1387928.0
1537,2210928.0
349,3279800.0
9284,2676472.0
1766,3004400.0
5184,2436672.0
893,1954688.0
12107,3205256.0
3684,1496568.0
5591,1617008.0
10710,1690152.0
2948,778664.0
1030,1544128.0
951,2537288.0
8615,2719288.0
7728,3922272.0
7338,3749808.0
11014,1909856.0
7001,3457560.0
1551,1985632.0
1432,1562664.0
2375,1005128.0
2839,1390416.0
10019,1672672.0
1922,1754728.0
2386,1854304.0
3679,3540160.0
10197,3188896.0
1218,2617744.0
809,957896.0
8353,2736688.0
9193,2622576.0
7213,4266608.0
1555,2642736.0
42,1091784.0
572,982224.0
12543,2676688.0
899,892096.0
3944,3152144.0
4130,2440088.0
558,2242600.0
2338,1561624.0
2518,1558208.0
4260,2475376.0
3196,1707400.0
7195,2922856.0
11790,1224192.0
3409,1871568.0
401,2268408.0
11392,1418888.0
12466,2620832.0
9879,2796472.0
8382,3476120.0
12537,2011664.0
1103,1514744.0
6241,3860104.0
11805,2865176.0
2992,2433280.0
11127,979632.0
1983,1269888.0
3431,1450056.0
5814,1366176.0
3119,1213744.0
594,2437392.0
3706,1652128.0
2054,2305032.0
1010,1468536.0
443,1426008.0
4720,546400.0
529,1487696.0
1254,1360192.0
876,2424192.0
782,4091056.0
8713,1652424.0
1688,979232.0
7883,2411664.0
10315,2001280.0
7376,3008088.0
3559,784376.0
5759,2494888.0
11396,1043712.0
1568,1360624.0
8821,2820736.0
2904,1333336.0
1078,1729856.0
7253,1959392.0
2404,2146096.0
3080,2453688.0
1526,883584.0
2824,1983256.0
299,1269320.0
2968,1168368.0
12384,1290320.0
5385,3115776.0
1427,1710072.0
120,578152.0
9333,2705848.0
1234,4102440.0
3757,1582664.0
10125,2150944.0
7009,2295736.0
2907,984208.0
2651,1657240.0
11489,2105680.0
4747,2858472.0
2915,1778728.0
2281,2098064.0
11423,1733296.0
11250,1297440.0
7954,3068960.0
7398,1862408.0
12434,2026976.0
3835,1810704.0
2952,2364680.0
10140,1252184.0
4164,3112584.0
12698,3028288.0
365,2982128.0
9691,1864320.0
12876,2949368.0
10808,3886272.0
5533,2729672.0
6,1248616.0
2250,1368592.0
8837,2291568.0
7363,2095176.0
1747,1259824.0
638,1498656.0
6000,2498080.0
11702,2102040.0
9923,4355840.0
2424,1360192.0
6474,872736.0
8731,2712320.0
532,2492072.0
1579,2236552.0
10224,2376856.0
12889,2274400.0
6890,1457232.0
301,2662112.0
5169,2439440.0
5757,1393672.0
868,1891560.0
2076,1672464.0
1045,3382848.0
5114,3610480.0
7335,1370040.0
247,4458928.0
6606,2641320.0
12724,3129440.0
718,2238720.0
12074,3072320.0
12382,527576.0
2302,1654352.0
10399,2447448.0
7371,3034592.0
10009,2016128.0
2043,2462088.0
9224,3758136.0
3223,1672904.0
1994,1687392.0
4693,1209088.0
7803,2150816.0
6296,1786544.0
491,3791592.0
2903,1879360.0
6980,2256936.0
7233,1358504.0
5751,2234232.0
3895,2375512.0
911,1236704.0
844,1099128.0
1100,1940248.0
11709,1273952.0
11373,3134296.0
5420,2432232.0
1950,2537064.0
1485,1533072.0
822,2137600.0
2713,1728328.0
1652,3994536.0
5249,3258408.0
4506,2943688.0
2020,1441168.0
2708,2387008.0
4909,1499368.0
2466,2273744.0
1775,527464.0
12376,2937744.0
2125,1207848.0
5632,1661008.0
6177,2049096.0
920,1500496.0
2440,2467256.0
322,1533048.0
3543,2020728.0
45,1594568.0
25,4285312.0
9926,2401008.0
5017,2960344.0
769,1121776.0
749,2578344.0
6121,1316680.0
1955,1787336.0
652,1354184.0
6730,1710072.0
7871,2321848.0
5869,1100904.0
8343,2049328.0
1171,1711968.0
9985,1777464.0
12960,2079136.0
1207,1837960.0
6735,1001008.0
10534,3519000.0
1780,1007800.0
10844,3253096.0
3404,1093408.0
7321,1933744.0
3147,1513664.0
1804,2180960.0
4723,1589024.0
12257,1542360.0
7286,2494984.0
126,1632248.0
7641,2870448.0
8894,2930504.0
12583,4513136.0
2395,2431736.0
11724,4403848.0
3452,1766976.0
5130,1239024.0
4773,2584600.0
1277,739488.0
12261,3160280.0
10582,3131224.0
2542,1258736.0
2536,860888.0
2061,1914720.0
1934,2521888.0
2582,2896368.0
2547,900736.0
3386,2124024.0
2843,1707848.0
4101,1382104.0
11692,3490480.0
9108,2607200.0
6208,2941296.0
1949,1488040.0
341,2868216.0
555,1976112.0
9906,1350616.0
2069,2479696.0
12051,3677248.0
1326,1633272.0
1773,1659480.0
8117,2086136.0
5732,1676696.0
11631,3007648.0
2391,1456288.0
10430,2230760.0
871,1187424.0
963,2985744.0
10425,1539376.0
10157,1200488.0
2044,2255408.0
9042,2249280.0
3008,1771304.0
3548,696104.0
8064,1979944.0
7547,2890808.0
1722,668248.0
1236,2256096.0
1205,1152664.0
3073,1309696.0
2956,1549344.0
927,2089344.0
12931,2690400.0
4660,1421000.0
9908,877168.0
6523,2062776.0
3046,2700080.0
8352,2228400.0
2312,2629392.0
3072,2851656.0
10010,1339216.0
10916,2488096.0
8212,976496.0
3520,2108736.0
176,3467688.0
8883,2327712.0
1689,1929056.0
12939,2863792.0
2729,1620856.0
7633,2210144.0
2292,1828936.0
674,1762504.0
7218,912616.0
556,1865208.0
381,2437392.0
1974,2444264.0
4416,3766312.0
3646,3241368.0
5050,2528216.0
1411,1032280.0
8328,2019696.0
1662,2732712.0
1190,1970632.0
10531,3588408.0
2823,2653064.0
1425,949656.0
2400,1211912.0
10896,2500504.0
12857,2528792.0
2112,2657288.0
6886,1532328.0
12267,2821200.0
11988,2266128.0
2522,2481080.0
2528,1409248.0
925,2024960.0
2644,1864552.0
1808,1158504.0
8860,2576272.0
5633,2508728.0
11888,2953880.0
4839,1252512.0
1607,1303888.0
8936,3187616.0
1155,4186880.0
3587,2120248.0
12920,3239320.0
5356,2357592.0
915,3197864.0
7269,2834336.0
574,718480.0
8,648168.0
3273,2160504.0
541,3227472.0
1318,835984.0
811,1200032.0
940,1269392.0
439,1595312.0
1387,2782000.0
2210,2189080.0
6762,3282312.0
2192,2760256.0
4918,4044048.0
12457,1976840.0
2850,1508880.0
1342,1726080.0
1640,2845960.0
821,1013904.0
2876,2352776.0
12690,1450096.0
12015,1421200.0
7853,2911408.0
1000,1391008.0
10884,1714048.0
2912,1741504.0
5422,1245656.0
529,1453232.0
971,919752.0
1895,1742952.0
9673,2920848.0
4035,1206224.0
10810,2125176.0
2081,2746528.0
248,1687792.0
369,3299768.0
3654,2147968.0
8993,857504.0
2228,1686504.0
2827,1187480.0
6600,1100720.0
3227,1844264.0
5508,2463944.0
3993,3810416.0
4561,1729656.0
95,2250360.0
75,1561280.0
10147,1592728.0
3869,1366568.0
2736,1533048.0
10816,1963296.0
12713,1273984.0
3015,3031144.0
4988,2668944.0
2528,1907488.0
5558,1158600.0
6162,3332480.0
455,1599200.0
9508,2624536.0
9605,1808304.0
5505,3389792.0
12006,2436392.0
6620,1590344.0
11398,4071040.0
2138,3047680.0
3917,1830896.0
2045,1745688.0
11628,3136904.0
842,2108288.0
8485,2514680.0
5299,2767904.0
7816,2033392.0
3184,3388616.0
1064,1808712.0
3525,3644864.0
1400,2505464.0
3794,2811672.0
3962,1859368.0
1689,2267120.0
221,2745960.0
1124,2316960.0
11585,2899056.0
3972,1444016.0
436,2317576.0
8526,1379224.0
87,1585096.0
1910,5072144.0
12533,2437632.0
1781,2475600.0
10396,2301296.0
768,2869856.0
6775,3008032.0
9387,2820216.0
28,1379408.0
9685,3832400.0
12969,2894472.0
1763,2815336.0
6431,1324576.0
1510,1213232.0
11960,2562376.0
8110,2392392.0
2797,1614336.0
1042,2446216.0
1454,2265944.0
7042,2638952.0
2935,996792.0
8822,2009904.0
368,2752344.0
2066,1255496.0
1811,1613368.0
12162,1968992.0
1324,3283200.0
1700,1991944.0
6316,2781352.0
1840,1823856.0
9229,2438232.0
11823,2882792.0
2588,1580536.0
12838,2293752.0
1019,2727680.0
10448,4534208.0
12576,2488296.0
11792,1852784.0
7965,1809232.0
4286,2827320.0
4337,2259384.0
9254,1444640.0
3836,3099768.0
463,1834048.0
3571,945208.0
1859,2322152.0
2623,703256.0
12065,1692784.0
5574,1911792.0
1542,2378816.0
3322,2564968.0
6719,975944.0
2639,989272.0
8719,1457160.0
3105,1907216.0
12143,1308408.0
7672,3665192.0
11196,2136416.0
3052,2556800.0
12273,914360.0
1437,2732048.0
9104,2015552.0
2456,1239800.0
2334,984352.0
5644,1385016.0
12691,1121824.0
11001,1254104.0
4050,2968248.0
4425,3024768.0
2366,1414880.0
2248,2303840.0
8211,901592.0
2454,1381144.0
1962,1634768.0
7581,2437160.0
9705,1434752.0
152,4812208.0
645,1069720.0
9897,1526664.0
5555,2938008.0
4280,3124576.0
2723,749944.0
555,1506088.0
2078,1585880.0
3976,1387992.0
6322,4356736.0
3555,1173600.0
9928,1320312.0
989,2101584.0
3711,1106288.0
1785,1593528.0
8147,448448.0
102,1628424.0
8940,1986904.0
3121,1482448.0
977,2263528.0
753,1134128.0
1027,1695176.0
951,4328824.0
8412,2447728.0
10013,2046832.0
9456,1431000.0
3330,3446344.0
2195,1925624.0
2436,3304224.0
771,1196752.0
2716,1782704.0
12127,1233656.0
8876,1201256.0
3199,1501264.0
4983,2894128.0
11405,3993880.0
3298,796280.0
1073,1671160.0
11482,2004672.0
4692,1923584.0
6396,991160.0
2111,2497120.0
181,1238536.0
932,2983680.0
11523,2741880.0
1390,1020504.0
1902,1619912.0
6867,3758672.0
5078,2580592.0
7190,2428960.0
2319,2726144.0
11572,1548936.0
4754,3638680.0
10198,1443984.0
27,1895544.0
815,2429640.0
1521,1730648.0
3364,2729920.0
1283,1287848.0
5859,2432080.0
8332,1879984.0
904,1091128.0
11264,2242960.0
2917,1868688.0
1453,1234704.0
2471,2159376.0
3716,2481024.0
7724,2629784.0
941,2076712.0
6391,2868432.0
787,1667640.0
3811,2927264.0
1795,3542376.0
9074,2586936.0
8729,2353328.0
8514,3651440.0
2634,1114576.0
1478,1565912.0
4011,2760792.0
11715,4961552.0
3369,651576.0
3041,1400552.0
505,2568184.0
9113,2727288.0
6338,3581784.0
2639,2159016.0
12989,1685920.0
7779,1884808.0
5470,1989752.0
6815,534336.0
5408,3278568.0
3675,668248.0
2579,2018296.0
845,1594488.0
993,2004760.0
58,1957680.0
5536,1408608.0
1138,2176616.0
1395,1769904.0
2561,1856960.0
5119,4220064.0
12566,4164168.0
1542,1519160.0
7360,1888744.0
2084,1813400.0
2010,2540328.0
8565,1895168.0
805,2103824.0
1978,1677464.0
11704,2484784.0
12955,1052760.0
139,4974592.0
8127,2862824.0
1507,1192792.0
10194,1248608.0
3057,2745928.0
3125,2149424.0
6408,1762992.0
2986,1651040.0
12572,1603152.0
3696,1282296.0
7353,1677152.0
12599,1929848.0
6927,2057352.0
8862,2726896.0
6561,2580800.0
4214,2802360.0
10908,1783216.0
1792,2240912.0
12001,2003168.0
2413,1707288.0
2946,965880.0
2798,1066624.0
3449,1700336.0
2009,2555160.0
7268,3489768.0
10482,1770720.0
363,1270664.0
6465,2581928.0
11095,3280296.0
2554,2025776.0
10964,2124032.0
5177,3041912.0
927,2818512.0
486,1411536.0
7751,2884240.0
568,2644536.0
7308,718232.0
2258,1000296.0
3035,3454920.0
5390,3043360.0
2363,2705552.0
139,1707040.0
4874,2402432.0
12418,1916824.0
2365,1490512.0
1483,1360192.0
347,1266912.0
2582,2510984.0
10520,2318304.0
1178,2440376.0
2035,1220720.0
12861,1823224.0
4012,1577520.0
7072,3223720.0
2895,866248.0
3699,3255328.0
115,3156416.0
9718,1031592.0
2792,3186840.0
1149,1493384.0
3063,2154008.0
11215,2974320.0
5974,3112808.0
386,940792.0
724,1464032.0
4129,3297776.0
1230,2331344.0
333,2072568.0
4760,4193712.0
10819,1606976.0
7416,1925392.0
475,1695040.0
1166,1866984.0
1713,3069928.0
3171,1638984.0
834,1561800.0
9584,1874328.0
6298,953664.0
2798,659464.0
1284,978888.0
1211,1547616.0
4674,3140832.0
1979,763096.0
9248,2248320.0
2404,2922768.0
952,3321288.0
8755,1610736.0
5660,1782824.0
4290,3253256.0
1299,2042984.0
12231,2127568.0
808,3296384.0
2838,2120832.0
10017,3692760.0
698,1951840.0
2333,3079016.0
1265,4161240.0
9922,4557424.0
7795,2886168.0
740,1892792.0
1084,825112.0
3673,2391824.0
7824,3060832.0
12760,3415224.0
7843,1799520.0
1169,2609816.0
168,816536.0
2583,4025392.0
3096,3796008.0
11471,1194928.0
2116,1502488.0
7564,1681984.0
8028,2123408.0
2715,1305776.0
2461,3129112.0
3228,1588808.0
6090,777880.0
1821,2900000.0
39,2559912.0
5396,2145000.0
10337,3840776.0
8899,1505880.0
10548,2503584.0
629,3163864.0
6264,2298424.0
3973,1808008.0
12120,829528.0
8116,1924416.0
7166,1468808.0
1674,1078888.0
2234,4122264.0
2767,2203176.0
7043,700064.0
2403,5328472.0
3952,2269016.0
3279,1963232.0
10209,4255912.0
3839,3009944.0
1625,1266944.0
2884,3225424.0
9882,683472.0
4592,2910416.0
2778,1687480.0
783,4343080.0
1071,3691792.0
12321,1681656.0
234,1785360.0
11549,1097208.0
2286,2936096.0
1945,1635048.0
8962,2168616.0
1766,1627520.0
5291,1456944.0
8169,4134200.0
2213,721808.0
4743,1697576.0
264,2114016.0
12800,2574832.0
2986,3334520.0
6691,1703872.0
9619,2625512.0
7357,3734976.0
908,1601760.0
11477,3606256.0
658,1794160.0
810,3221536.0
8531,2541280.0
562,1756088.0
37,1099040.0
2218,2206512.0
2015,756856.0
1595,1540520.0
839,2166880.0
1803,821248.0
686,1351008.0
8215,2305400.0
2158,2510152.0
5602,2603424.0
1245,878968.0
3802,724488.0
11839,3855848.0
10393,1232104.0
11063,1317600.0
12912,3420200.0
848,2044544.0
2654,1784392.0
2757,1288112.0
12147,2822072.0
2854,1477720.0
11005,2739984.0
10674,2550984.0
9828,2526512.0
2479,3085240.0
8507,2715240.0
1626,957832.0
295,2872328.0
11120,2294152.0
222,1147208.0
1101,1375584.0
4071,3876000.0
4184,2025904.0
2513,1551784.0
6878,1573720.0
2816,1121896.0
1608,2577600.0
11650,2651640.0
2617,1319104.0
11020,1956864.0
3267,1080200.0
6860,3173880.0
10713,1041656.0
2329,1078072.0
9189,2160384.0
13,1310152.0
2634,1706984.0
313,2070176.0
3085,2398200.0
5599,1056896.0
11138,2393680.0
10388,1446816.0
7119,2483872.0
9265,2340816.0
1481,1465512.0
778,4207936.0
3383,3164264.0
6038,3138392.0
9522,3536296.0
5185,1466376.0
9546,1876304.0
11371,3315736.0
1883,2073016.0
10080,3886880.0
2608,3508600.0
2313,1279712.0
6351,5118112.0
12088,1312568.0
4230,2274000.0
727,1912952.0
10333,3235936.0
4125,2386928.0
814,1022160.0
1259,1547840.0
5905,1132024.0
138,1868224.0
7748,953296.0
1819,1843392.0
6777,4200128.0
6454,2915424.0
9851,2784256.0
2634,2145784.0
3432,886688.0
11716,2716880.0
370,1859904.0
7734,1844544.0
2229,2040736.0
3818,4499288.0
119,1743744.0
3591,2158344.0
175,686400.0
12010,2040320.0
3907,936456.0
10995,1007336.0
1905,3367864.0
1870,527248.0
2686,1562664.0
6625,2208552.0
3087,3373624.0
1961,1016904.0
1063,2388544.0
2854,2057176.0
3068,2538360.0
5818,976416.0
10506,1032328.0
1033,2787552.0
3695,3327704.0
2517,1758864.0
1407,2093760.0
1857,1852848.0
3219,1466224.0
693,1524920.0
2116,3691376.0
2800,2943272.0
903,1471512.0
11217,2932624.0
980,1890392.0
12674,2592976.0
2573,1673304.0
6919,1690992.0
2198,1144696.0
3370,2142080.0
1819,3318800.0
7487,1417568.0
55,3424480.0
1091,1220584.0
837,1963232.0
24,1576696.0
8060,2831784.0
3672,2884976.0
1114,2242664.0
1265,1272896.0
2566,2187536.0
2154,1809976.0
6572,3567008.0
10533,3672680.0
535,2835592.0
7878,2897072.0
10054,4300744.0
17,2698520.0
6709,3486408.0
10189,1459256.0
11938,3093520.0
3300,860544.0
795,1226072.0
1025,1210144.0
4572,3736464.0
9733,2665136.0
11506,2824800.0
9072,1166712.0
3637,2138056.0
12833,3470680.0
6200,2406816.0
2153,2523744.0
11490,2163968.0
777,1605816.0
1834,1361800.0
3175,2069592.0
468,4210264.0
2496,1137736.0
3852,3120416.0
1958,2672800.0
4758,2640192.0
2242,3758696.0
6146,3235528.0
1061,1933576.0
1116,700064.0
2297,4777392.0
12661,1278312.0
13,1501008.0
12339,2562576.0
8806,3515624.0
1748,3335832.0
10974,1011064.0
2034,2080632.0
185,1451624.0
1256,1266144.0
1975,1364776.0
779,1793296.0
8009,2263760.0
1186,2745504.0
846,1609864.0
10398,2333624.0
2987,2141832.0
3603,1383744.0
2444,2555568.0
12926,1655768.0
11316,1526664.0
4637,1419016.0
1265,1851552.0
5707,2379960.0
1767,2234256.0
9986,1039728.0
8239,2257016.0
2071,1087568.0
7026,3191336.0
3489,1123792.0
2276,1670768.0
6209,4189976.0
10146,2275088.0
3736,3070960.0
2036,2412024.0
2796,1698896.0
1657,2978256.0
7726,4944736.0
872,1259824.0
3226,1750688.0
2357,1594368.0
4329,2162824.0
2760,2137048.0
2777,1064312.0
12894,3042568.0
7807,3991080.0
1059,1778768.0
241,1011664.0
1980,1269720.0
12437,2787320.0
363,816104.0
10005,1551128.0
2326,1499536.0
2267,960808.0
7667,1426336.0
5527,2876472.0
8665,3921696.0
10566,3832288.0
7520,1318792.0
2051,1469256.0
12936,1984368.0
2560,1082128.0
1014,3587200.0
416,1548936.0
1079,1135712.0
2339,3193544.0
1337,1035072.0
12804,3803392.0
656,1076296.0
12470,3159872.0
417,1955696.0
12059,1032472.0
931,1855728.0
6440,3144592.0
8022,2472224.0
536,3389664.0
2014,3430168.0
3084,2001280.0
4996,2376968.0
3218,994616.0
2196,3045976.0
1772,2244136.0
6821,2242384.0
1102,2901264.0
2492,719248.0
5024,2247096.0
46,2039136.0
1485,1444264.0
10935,2633128.0
1298,3112000.0
539,1211416.0
571,835168.0
10835,3853472.0
3146,3205496.0
8270,2090048.0
387,1582936.0
2219,1180176.0
11430,2512536.0
1293,859904.0
11660,1328928.0
12327,3341760.0
731,1551208.0
1065,2813528.0
2600,1817112.0
2766,1327368.0
4476,2935760.0
5615,3939440.0
2224,1226320.0
252,1225288.0
11331,2559592.0
10615,2614432.0
3479,1145600.0
1909,1291888.0
12268,1594600.0
5972,2707696.0
7998,3929048.0
1379,2513064.0
11167,2625192.0
2444,2613160.0
1294,3270112.0
8597,1009056.0
1550,2922448.0
3474,3456304.0
4856,1048712.0
2195,1363952.0
8593,1932904.0
493,2524456.0
9532,2501760.0
1760,2570264.0
2106,1769480.0
2921,816672.0
1089,3227472.0
3266,2158416.0
11065,3886608.0
2732,1624568.0
3499,3288648.0
3915,2459448.0
8496,3549984.0
2841,1279944.0
434,2702424.0
8389,2362456.0
7250,3204312.0
6683,3214712.0
4477,3766720.0
949,2617184.0
1575,2739696.0
236,2052504.0
575,2944880.0
2552,2007896.0
2780,680304.0
2044,1647736.0
989,859472.0
3499,1418448.0
7088,2448288.0
691,1513816.0
2070,2001144.0
8261,959128.0
2671,2392664.0
1253,2411400.0
141,3877624.0
2448,1012136.0
346,2859800.0
6002,2632448.0
835,1306552.0
3045,1606336.0
3599,2357592.0
762,1576544.0
3653,1490504.0
120,2094760.0
3129,3245960.0
11986,2356624.0
4960,2806976.0
8938,1919152.0
4470,1027664.0
9819,2350960.0
8632,1643080.0
2813,1395864.0
10061,2637608.0
11530,2634880.0
1708,2687840.0
3798,1388192.0
6353,2725024.0
3284,2225040.0
12795,2703336.0
10132,1042104.0
1742,2236944.0
498,1867952.0
278,1634616.0
988,2716536.0
2476,1664208.0
7928,2401224.0
3202,1260304.0
9007,3474888.0
3422,1964664.0
873,973136.0
880,1709080.0
6773,1398760.0
7191,5313056.0
1768,1133480.0
12694,3163040.0
6996,2355056.0
1407,1366912.0
222,4147080.0
12653,1362512.0
377,2359776.0
3313,1685624.0
2475,1427400.0
3707,810368.0
3260,696976.0
11310,2422424.0
4031,4960560.0
2922,1878592.0
430,2001144.0
1034,1479880.0
2710,602952.0
8358,2148000.0
38,2362544.0
12593,1190352.0
996,1393024.0
7012,4106304.0
518,865816.0
3724,724776.0
2277,2000752.0
11999,2213496.0
10782,2808120.0
3285,631928.0
1266,1690416.0
3528,1445304.0
10775,3866640.0
2574,883264.0
12646,1185456.0
11983,3142528.0
148,2057664.0
1009,1949544.0
526,1255080.0
5414,1569136.0
5,3481344.0
3257,1376560.0
11654,2428256.0
2612,819200.0
8285,2598752.0
5431,1925624.0
2208,2815792.0
399,2807768.0
6006,3949984.0
12791,2428392.0
10807,2307736.0
1475,1260456.0
10870,2717544.0
10106,2078280.0
1340,2668440.0
3655,2496672.0
6747,2416896.0
4806,1509512.0
745,3367776.0
1735,3280336.0
6380,4025392.0
2554,3085944.0
4916,1699952.0
2428,2240712.0
3796,1801104.0
1915,2157320.0
6883,484864.0
4822,933560.0
3505,3426056.0
4305,1601728.0
958,4191672.0
6313,1804864.0
5551,1146000.0
9471,2687440.0
5500,3903312.0
12356,1371872.0
11751,2168616.0
7379,2282464.0
594,1066504.0
2180,2210592.0
33,2539952.0
7557,828312.0
2443,2293952.0
235,640104.0
12826,2545936.0
6629,2737424.0
5882,2814128.0
6461,2903912.0
2203,2731264.0
122,2564584.0
3961,2777136.0
1135,1921856.0
464,1328680.0
4695,2979344.0
533,1347952.0
8292,2589984.0
8602,1800840.0
124,2929808.0
494,2554816.0
11753,1392096.0
8702,2586800.0
1342,2555096.0
3405,2795080.0
5582,1215968.0
3979,1416960.0
775,1539488.0
9238,3339760.0
11508,2017576.0
27,1860208.0
6272,3046960.0
99,839088.0
5565,2818520.0
4936,3029904.0
3992,2236624.0
9187,3336960.0
6646,875776.0
1096,1709016.0
6230,2732088.0
1847,1867584.0
6,1884776.0
1872,3512144.0
5019,3102024.0
68,2515856.0
1521,2233088.0
3531,1215088.0
2200,2141264.0
942,1038800.0
10519,2849760.0
391,2551720.0
3727,961192.0
997,2267536.0
9375,2802120.0
10481,2966280.0
3874,990728.0
3638,543536.0
692,1399160.0
12324,2634008.0
1929,2516848.0
1561,3216264.0
2002,3248800.0
75,966624.0
8928,2515560.0
11624,1776672.0
9384,1900448.0
8849,900080.0
8217,1705896.0
9553,2680008.0
2882,1665792.0
4537,1497640.0
2968,1641920.0
1660,1420824.0
65,1831896.0
2586,2353992.0
3622,2271888.0
10411,1044440.0
12568,1095192.0
3969,888480.0
3747,1694928.0
1133,2340656.0
8747,2897032.0
5904,3165224.0
12759,603696.0
10790,4610208.0
10242,3452568.0
10740,1886760.0
2283,1975456.0
2244,1270536.0
794,673008.0
1998,1520904.0
2819,1126520.0
1794,1809192.0
1302,1614424.0
10895,4157264.0
786,1285688.0
938,2141384.0
2965,1450440.0
490,2568920.0
2293,1820008.0
9386,2016352.0
11595,2681448.0
9751,2918440.0
1756,1842848.0
2380,2181216.0
11806,4432336.0
2593,1093296.0
4943,1262624.0
431,2417632.0
3126,1757520.0
2270,1825560.0
1335,1596928.0
6336,1642200.0
1075,2317056.0
4302,2125072.0
9520,2050128.0
1527,1285704.0
604,2157792.0
6247,3141792.0
1343,2628472.0
172,1273256.0
5903,2279376.0
2717,1336096.0
5854,697496.0
3771,3617968.0
1945,3597032.0
2136,1535936.0
2468,3039104.0
10508,3225696.0
8735,2856832.0
4748,3979184.0
127,647264.0
1076,1634592.0
473,881136.0
157,2379888.0
1656,1100128.0
1922,1622728.0
3132,3176360.0
6342,3247096.0
1286,2985296.0
2663,972304.0
12940,1540472.0
5619,1058928.0
4530,1925160.0
5076,2142672.0
8,2288952.0
849,2808624.0
1137,1962416.0
1403,1077568.0
5345,2534504.0
491,2583512.0
3239,2401848.0
9804,2821240.0
11878,2882192.0
7481,1467968.0
1304,544928.0
1982,3435248.0
10559,4586704.0
6293,3241528.0
2565,2185104.0
612,3442304.0
11909,1576480.0
12050,3849816.0
1841,3015968.0
11522,1823736.0
1298,1487152.0
10222,4122528.0
3097,2634048.0
5137,1609136.0
2369,5293648.0
684,3140472.0
6580,1479624.0
1246,2263040.0
9843,2745688.0
3141,2843600.0
8004,2216832.0
5308,3111040.0
290,1049024.0
3220,1905424.0
6078,3431488.0
7220,2874392.0
7266,3002680.0
5806,2289280.0
3149,2125488.0
1555,1837976.0
1406,1629184.0
749,1165464.0
7430,2246016.0
11340,4582832.0
4056,803112.0
2478,1483016.0
204,757800.0
7864,1857024.0
3777,2257512.0
1927,1544128.0
1392,1200072.0
720,1650616.0
3989,1170024.0
2479,2529408.0
4017,1777616.0
2110,1120240.0
5821,3837232.0
3602,938248.0
145,1586424.0
56,2608752.0
11495,1304976.0
2879,1746160.0
10218,1650128.0
1344,1065656.0
2908,1019928.0
5009,2508744.0
9204,1154272.0
1078,2662480.0
5334,2974632.0
1518,1186768.0
9801,2726616.0
1203,3208192.0
1500,1803088.0
6028,3172744.0
2882,1753456.0
8244,2749360.0
10256,2503544.0
2322,820952.0
10825,3076824.0
72,1196056.0
12640,1494160.0
1762,3127592.0
9488,1916928.0
2928,2972816.0
11913,3305072.0
1711,4425920.0
3598,3810416.0
2571,1016496.0
5519,1026504.0
1820,2667296.0
1264,1958712.0
825,1771248.0
2506,2966280.0
6505,2489152.0
4210,1653816.0
1702,1008776.0
1247,1458024.0
10552,2276064.0
2311,3032808.0
9288,1051136.0
2980,2290224.0
2250,1363240.0
8069,2943472.0
697,831144.0
8622,3231800.0
350,2583104.0
2373,3253408.0
8841,1960104.0
4614,1711120.0
660,3514312.0
2557,2316176.0
3649,2638816.0
12921,1180576.0
7799,3284760.0
3103,1229416.0
9268,2193536.0
2912,2505520.0
7173,1008736.0
3953,1661088.0
1750,1297360.0
3538,1479872.0
897,427904.0
388,897704.0
9775,4401056.0
938,936200.0
3556,2394832.0
398,1529552.0
2659,2510312.0
638,2038264.0
6954,1177240.0
4215,2814808.0
1223,2114160.0
2808,1412192.0
3602,2748296.0
7323,2517784.0
6593,3471096.0
3500,4131704.0
2339,1925624.0
1158,1377944.0
11684,2102048.0
388,3105008.0
12658,3359144.0
1014,3715808.0
2539,1039752.0
12569,2834768.0
12259,1228192.0
8284,2481968.0
2330,1648304.0
10672,1604872.0
2828,1072352.0
1990,1054752.0
8520,982064.0
18,835768.0
1660,2124976.0
177,812360.0
665,1673984.0
3172,2681240.0
8599,991280.0
2651,2007896.0
2690,1577824.0
4090,2374360.0
1781,1451568.0
11271,2575928.0
11802,2259648.0
10695,813360.0
11241,2598280.0
3483,1480072.0
572,2004760.0
3939,3016728.0
7146,1318168.0
2739,3955472.0
9232,4546600.0
4729,1341176.0
966,1888064.0
7115,1763488.0
1688,3191232.0
3098,1513128.0
7347,4120912.0
9549,2966080.0
6612,1735544.0
1252,4311024.0
3821,2466576.0
6657,1568360.0
12812,4359432.0
2135,2550728.0
1759,2346904.0
545,3221080.0
8863,2496248.0
6365,2589016.0
3711,2198872.0
7541,1915304.0
5720,2080112.0
1446,3296384.0
3791,2016240.0
3893,2495144.0
3775,2030296.0
1273,4005192.0
7025,2552128.0
7313,2226208.0
382,2237672.0
8639,2785952.0
9831,2390672.0
1007,1906464.0
6037,1947480.0
12605,2540208.0
619,1437984.0
1627,2342680.0
2530,3664472.0
1444,2344504.0
83,1863152.0
8915,3279128.0
3008,1733248.0
2610,1522864.0
457,1920872.0
11978,1691272.0
12365,2193808.0
3883,786144.0
2961,1776328.0
2421,2075944.0
2611,1241144.0
302,1721112.0
516,2140568.0
361,2642760.0
3466,2304688.0
11171,2965520.0
8543,3189720.0
201,1320184.0
10686,3204440.0
7306,834800.0
1528,1277456.0
330,1744656.0
12278,2064936.0
8108,2746536.0
3959,1368104.0
3719,2024328.0
4949,2855880.0
520,2835232.0
5474,2562576.0
152,1280464.0
3481,1022920.0
7991,1319152.0
12180,1970576.0
7640,1562096.0
1207,2500024.0
11905,1375168.0
2631,993832.0
1109,1688184.0
3274,1999112.0
10133,1869776.0
12475,3556384.0
8365,4232040.0
12929,755472.0
2156,4205304.0
728,2488248.0
723,1109872.0
10673,1995768.0
1405,2116000.0
288,3401248.0
9366,4751200.0
3168,2744152.0
509,4619512.0
10112,2161216.0
221,2582920.0
2575,1573536.0
189,2777824.0
11173,1921696.0
8778,1936920.0
7078,2226960.0
308,924888.0
4663,2591800.0
9209,2384248.0
9085,1815608.0
6557,1761016.0
2535,3155608.0
329,2376352.0
4631,1831328.0
1687,1763072.0
4026,647992.0
649,2337416.0
10457,1496072.0
7773,2757344.0
1639,1469776.0
8278,3054616.0
3498,2759312.0
921,1211872.0
11901,1469848.0
866,2420408.0
6398,4542600.0
543,2536576.0
2867,938232.0
8877,1147608.0
12316,991296.0
1004,1990176.0
12332,2208768.0
5672,4504144.0
12417,1464608.0
9802,1690600.0
3471,3737984.0
752,1853576.0
760,1525840.0
1666,2110872.0
1950,1087496.0
1939,1206240.0
218,4555024.0
3506,1816736.0
3687,1607504.0
1023,1468432.0
7932,3968792.0
3755,1592160.0
295,1020880.0
510,1200440.0
6913,1281112.0
2142,1928472.0
1986,2952488.0
5659,1078528.0
10829,3165304.0
9539,1402600.0
3543,881928.0
10168,3748712.0
8139,2682008.0
9235,3031240.0
9062,2899248.0
3234,1315264.0
832,1985864.0
3350,2005872.0
11152,1108504.0
537,1653736.0
1902,597104.0
3099,2307736.0
1714,2937520.0
11668,3538080.0
404,3423264.0
4903,2263752.0
2753,3216264.0
7682,2851000.0
523,1539160.0
3693,2968400.0
1703,1744448.0
6291,3962160.0
2747,3041784.0
5277,2971296.0
8941,3494928.0
2850,988328.0
2816,968112.0
8250,1541920.0
5327,2291112.0
7141,2441184.0
913,3351992.0
188,3583144.0
7922,2395392.0
2037,2946448.0
8646,1527176.0
3022,2380272.0
8704,2405392.0
1274,3021600.0
10169,4040768.0
3025,1836744.0
4271,3650576.0
4257,1254496.0
5926,2098304.0
2937,1525672.0
797,4280336.0
1715,2709464.0
1052,1367808.0
2919,2100592.0
261,1458920.0
1682,1612096.0
9018,748208.0
11204,1161240.0
940,1478352.0
6518,1101552.0
78,1671344.0
3860,1695480.0
12489,2072000.0
5354,3049376.0
3770,3253408.0
3487,1813952.0
3659,1448016.0
6944,4320440.0
2744,1216832.0
5679,1068520.0
1747,2662408.0
11683,2193976.0
226,1825176.0
2877,3076968.0
7914,2228464.0
11106,2120496.0
334,2882824.0
8237,2780352.0
768,1078576.0
1033,2054104.0
10681,1422704.0
2952,2478184.0
1380,1375456.0
875,2074400.0
1916,1284280.0
1528,1183584.0
3354,805008.0
983,978856.0
12884,1408856.0
117,2269048.0
4709,2887224.0
4520,1517256.0
10422,1105216.0
748,3295824.0
11611,2980512.0
1153,1931896.0
813,3523208.0
4700,2609168.0
2118,1679832.0
3692,2449888.0
3693,1248000.0
2903,3445920.0
987,1537448.0
8271,922832.0
3659,1330728.0
2432,2133448.0
1280,1015512.0
3278,2316432.0
9459,1518720.0
812,2400792.0
3640,2599408.0
5661,1881064.0
11974,1880400.0
2292,2153680.0
1613,2375544.0
8315,2703784.0
5341,2099560.0
2574,3037360.0
8783,2615408.0
4863,2531288.0
8073,4487520.0
2838,2586800.0
574,2641608.0
1868,3700264.0
1576,2201456.0
3946,1940504.0
1615,1005408.0
2332,1302088.0
1178,4309736.0
38,1750864.0
10246,1608368.0
9530,2032408.0
392,1343944.0
1053,1466752.0
8410,1392080.0
6095,1467712.0
3584,1668176.0
2995,1963896.0
9081,1534200.0
11276,2133248.0
4139,4806384.0
1620,1575928.0
5841,1704920.0
9165,2527912.0
6058,1534128.0
783,2377504.0
6325,2464376.0
11330,3458648.0
12732,1354712.0
1778,4359664.0
1484,1528112.0
5373,2461072.0
3440,765832.0
12501,1784184.0
1054,535640.0
2687,1285984.0
1904,1903984.0
1497,2787680.0
591,1346256.0
639,1327256.0
567,3414216.0
10613,2896800.0
1273,1929848.0
8616,3736312.0
3722,956264.0
2890,688552.0
11636,3016520.0
6238,1656992.0
2677,2921064.0
3428,3832816.0
9376,2725360.0
2522,2809056.0
54,974064.0
12447,2585704.0
2792,941960.0
361,4164504.0
2803,3434104.0
7902,1962432.0
7462,4329616.0
1577,2309128.0
2035,1064512.0
3293,3722848.0
2586,2808000.0
4153,1031976.0
2075,1620136.0
7579,4608104.0
12139,1511120.0
4255,1789912.0
1021,1818192.0
8549,2135144.0
2694,1312016.0
1026,1126248.0
12153,2800504.0
1334,1926024.0
12057,1429064.0
1736,2760992.0
6656,3969504.0
2944,876832.0
9586,1242832.0
8238,1558832.0
8769,1346424.0
1596,1949040.0
2099,1489696.0
945,2009072.0
3604,1754304.0
4420,1551000.0
5477,2500432.0
1349,1269872.0
12615,3326768.0
12561,2496776.0
970,929072.0
5352,3536504.0
10750,1607240.0
2180,954616.0
3178,2598792.0
2088,1811504.0
2,2942072.0
10324,2802160.0
155,909248.0
5724,2889072.0
758,1637544.0
7228,1980656.0
4889,2847784.0
11017,2048096.0
8304,2931104.0
9480,2205440.0
2736,1792664.0
5121,1377272.0
5622,2236128.0
760,1985960.0
8687,3568176.0
3867,3701856.0
2411,2462024.0
4086,2226224.0
12400,1760120.0
6797,1107320.0
1034,1619144.0
1783,3119240.0
2753,2013800.0
1920,2154256.0
10888,1257496.0
12513,2158840.0
5594,1852344.0
5812,1080136.0
5147,1784920.0
6057,2170824.0
6220,2266496.0
7145,2638376.0
6356,2568208.0
7028,1373600.0
3140,456536.0
9098,2768728.0
255,1602728.0
280,859288.0
2385,2795528.0
2943,3949984.0
5517,1843648.0
1024,1396392.0
103,2391408.0
7912,2058800.0
2161,3040392.0
8001,2691544.0
1260,953248.0
3938,1287912.0
3880,2613816.0
1691,1218824.0
2982,3402736.0
426,1797328.0
1168,1623616.0
966,3229320.0
883,1837560.0
12364,1193112.0
4765,984464.0
2079,2157312.0
7711,1940704.0
1775,1414288.0
12559,3814576.0
2769,804168.0
2980,1121440.0
795,2460896.0
2822,1641104.0
6553,1682080.0
691,2597248.0
760,2696680.0
963,1478200.0
1964,2343384.0
12886,4482816.0
9857,1472480.0
3880,1168944.0
12901,2101504.0
2717,1903624.0
10475,1435616.0
812,3353624.0
2926,1236256.0
10280,3490920.0
4843,2557936.0
1447,1520264.0
12175,1698760.0
708,1805344.0
2112,3498784.0
7628,2031904.0
6669,2552056.0
3299,2548512.0
3524,1582112.0
210,3654072.0
4604,4188928.0
1734,2052848.0
1047,2246672.0
5435,3855912.0
4340,2701016.0
9920,3771752.0
4132,1309992.0
3627,2584360.0
12031,2838096.0
331,1558512.0
5684,3650896.0
7512,2086136.0
1890,992928.0
12741,2828920.0
5317,4107992.0
10892,1095344.0
403,2189688.0
9796,1490056.0
3682,724704.0
3056,2721040.0
527,1485464.0
8068,1517448.0
11102,1340840.0
2489,3145064.0
11036,2680664.0
3443,2034968.0
1341,1030528.0
4924,2206232.0
1459,930752.0
7003,2172544.0
618,2250608.0
11087,1169024.0
11465,2201920.0
5074,2064504.0
1049,3008648.0
3275,1760128.0
12431,2189688.0
3135,1825384.0
11764,4120000.0
1115,4933744.0
853,1788856.0
12846,3413248.0
1392,2778304.0
6219,2142480.0
1641,1054664.0
11296,1695160.0
1410,1232928.0
3080,669208.0
1540,1288112.0
5919,1651872.0
11965,2714048.0
11035,2051256.0
2132,1677464.0
10426,2984944.0
8958,756272.0
3336,1993000.0
2343,4741328.0
5038,3765448.0
12628,2629368.0
6753,2680872.0
3879,2857352.0
6410,3173568.0
12582,2838808.0
4774,2208496.0
5109,2964768.0
1493,820952.0
4796,1549088.0
441,1703376.0
3568,1914464.0
4618,1248472.0
394,2668432.0
9342,1361128.0
1552,4014720.0
570,1135712.0
3890,1066704.0
826,683888.0
11067,2649096.0
584,1084904.0
12019,2517784.0
9281,1608320.0
11258,1561728.0
1487,1485280.0
528,1992608.0
11928,2400912.0
6077,2199584.0
2550,1094472.0
3568,2501424.0
3338,1151936.0
66,1611160.0
15,1742320.0
11762,2843000.0
3575,1804144.0
3633,1129320.0
5617,2964752.0
2648,1725992.0
9896,1007056.0
12666,2094800.0
9847,2518880.0
1837,859832.0
2471,2804064.0
1324,1929808.0
6309,2536024.0
3174,4196728.0
595,1019368.0
2108,793176.0
743,2631136.0
8693,2278920.0
685,2356368.0
1236,1050032.0
1552,2642760.0
12822,3386016.0
2705,1179288.0
6990,1342408.0
6901,3042568.0
9925,3215120.0
9067,4018560.0
1383,1125208.0
6915,1906464.0
8686,3258208.0
2396,907432.0
11469,1231864.0
496,1493776.0
2446,1835536.0
7705,2648536.0
11563,4012480.0
11295,1568360.0
1498,1304144.0
1346,1955720.0
9337,1703672.0
1703,1938608.0
4957,2315400.0
10026,2114528.0
1828,765752.0
3384,1157136.0
6888,2389600.0
2527,1149168.0
1904,2213776.0
3311,1852216.0
3356,3097840.0
11689,3094776.0
5524,1625792.0
7838,2474904.0
9162,3068072.0
12446,2413248.0
8503,2625472.0
11088,1852632.0
2584,1316064.0
2642,1671312.0
3579,1563176.0
5110,1669320.0
3301,3375912.0
275,1006504.0
1466,1932960.0
12696,2888816.0
6265,914968.0
9401,3148440.0
835,3047336.0
9862,2833376.0
9614,2905696.0
12949,2220680.0
7498,3245472.0
11752,2887224.0
878,1893984.0
8568,2221528.0
1360,2928056.0
2613,709808.0
552,1513544.0
1977,3880272.0
12244,2744696.0
451,1455048.0
1821,1220696.0
477,1723368.0
9419,1415432.0
8360,2392112.0
5421,2732232.0
2276,3197728.0
601,1130384.0
6297,3992336.0
2735,2582360.0
1721,1780576.0
877,766880.0
3046,3523928.0
8706,908536.0
6376,1266456.0
6634,2908896.0
699,2555824.0
480,2287944.0
1170,1250256.0
2977,2553912.0
7983,2773080.0
791,1883064.0
10277,1120232.0
6076,2723552.0
2609,2258560.0
287,3202760.0
31,2302024.0
10323,3149848.0
626,838984.0
191,1791856.0
6591,3113416.0
3522,1873712.0
710,1686200.0
5243,1740920.0
510,1338704.0
661,622288.0
7100,948968.0
747,2124552.0
6132,2509888.0
10174,2671912.0
5257,3006168.0
9163,1932312.0
12967,2791096.0
12860,2365192.0
2369,1506376.0
1329,2616016.0
11608,892568.0
657,4509784.0
3482,786248.0
3045,1394128.0
920,1951136.0
3355,5034432.0
9723,4147248.0
4517,3757984.0
1674,1717736.0
11446,1282296.0
12117,4894608.0
380,1429208.0
80,512032.0
3058,1650240.0
2056,2080296.0
8551,2456808.0
3248,3328112.0
5120,2716104.0
3279,2507496.0
3714,575440.0
10336,3239520.0
2503,1124928.0
5104,2719472.0
5342,1225816.0
3308,1479464.0
1479,484272.0
2149,3291184.0
599,2844120.0
2430,1504064.0
4502,3253512.0
4299,2295736.0
1129,1556976.0
12330,2287024.0
6352,2818312.0
9633,4364320.0
3881,2259896.0
3032,3712072.0
1326,2940488.0
4518,4356248.0
8516,2908528.0
4585,1397696.0
6245,3940880.0
6204,2519528.0
7320,2243048.0
8613,2106584.0
2566,1175440.0
993,1613904.0
10355,1930104.0
7234,3222648.0
1546,4129280.0
5214,3549400.0
3049,1835928.0
3758,1564520.0
1193,1880424.0
9242,1963040.0
2592,1202792.0
2932,1288472.0
1046,853920.0
786,954160.0
2990,1693312.0
11112,3046120.0
2393,1545720.0
2806,2367872.0
7345,1657168.0
3562,1973288.0
3367,1879256.0
8136,2242696.0
9117,2020632.0
1478,1458568.0
1336,665096.0
3187,3262296.0
424,2316432.0
4183,2493088.0
5975,2486232.0
1407,1717912.0
8039,2095096.0
3717,985648.0
9326,958256.0
4955,716360.0
10098,2900264.0
1374,1278712.0
3351,4117128.0
9321,1463896.0
9929,1990336.0
1371,2955528.0
2427,986384.0
7278,2562584.0
3036,1270136.0
3882,1726888.0
8254,1618912.0
12309,2044504.0
2721,1128232.0
2045,1870736.0
1143,3742880.0
310,1755200.0
6489,822672.0
1723,3442152.0
8931,2206720.0
980,1932280.0
6263,1610520.0
1588,2548688.0
3975,2156976.0
10307,3578592.0
5252,4669720.0
2771,1110568.0
3554,1736128.0
2472,1747448.0
5625,1628768.0
3316,2879608.0
11478,4468328.0
7585,3037384.0
4064,1735544.0
5247,1555688.0
1631,3207632.0
2512,1371120.0
1445,2649032.0
864,1504304.0
72,2652096.0
3418,2014736.0
10580,2628672.0
2133,1239976.0
5448,2825568.0
11708,2482688.0
890,3156416.0
11996,2771240.0
7069,2655192.0
2765,2567728.0
10402,1354336.0
4834,1983720.0
118,1256936.0
9329,1675584.0
2875,1538184.0
965,2479376.0
962,1498336.0
6617,2568552.0
6117,2388536.0
8654,1695400.0
4757,3006336.0
10763,2739264.0
7938,1246016.0
3271,911280.0
403,2604048.0
10042,3328616.0
12907,1295712.0
6997,4585216.0
3164,1571616.0
8016,1902520.0
9122,3629872.0
3170,1930688.0
6842,2544976.0
3102,2353744.0
1933,1578912.0
10857,2729416.0
4106,4245008.0
329,2979704.0
11931,1752096.0
797,1555632.0
11419,3253408.0
12280,1081864.0
9664,2974320.0
413,3808392.0
2787,599984.0
52,1274032.0
8794,2491944.0
4577,4270968.0
993,1884320.0
2835,1500328.0
590,1776224.0
2941,2502472.0
3033,1374824.0
5485,1201520.0
1863,2180360.0
59,1688760.0
2780,1095080.0
5768,3374856.0
5494,3225192.0
10605,2018648.0
2021,1273736.0
6279,1686200.0
385,3052032.0
2475,6292056.0
517,1345400.0
7929,1885552.0
8463,739120.0
10636,5686744.0
6758,1749360.0
4886,4667528.0
190,2709680.0
3582,2756560.0
2365,1729032.0
851,1855568.0
11003,2068256.0
2973,1560288.0
3945,601264.0
1463,3218920.0
12874,2845424.0
10268,977768.0
1524,1332896.0
1934,1778528.0
2083,2360976.0
1443,1881408.0
1755,1711440.0
1375,1034504.0
78,3636656.0
1263,1929808.0
3674,1520904.0
2864,2781744.0
26,1343936.0
1541,1501808.0
7562,2246016.0
2010,1764760.0
324,2204168.0
8655,2497752.0
4235,2282872.0
111,1380408.0
771,1718432.0
1504,1161008.0
5525,3275928.0
3972,2283312.0
2435,670024.0
304,2055176.0
685,2043824.0
2067,2257248.0
10461,2578808.0
525,730400.0
2276,3186720.0
4902,3355424.0
10611,4718736.0
2695,2054864.0
6585,1170352.0
538,1295264.0
3526,2265808.0
7969,1913960.0
10261,2384352.0
8478,1903376.0
9408,2732552.0
2264,1573168.0
10631,1964840.0
3590,1838960.0
10798,1366720.0
2299,1360944.0
4733,1658968.0
2877,1377376.0
1843,1612912.0
931,1866720.0
9838,1514936.0
12702,1589320.0
1289,3421776.0
9252,4791024.0
11034,3118128.0
1816,859608.0
8344,1593000.0
6253,4353448.0
7194,1694208.0
1910,2052848.0
4300,1299504.0
1593,1549104.0
2908,1112168.0
1482,2033448.0
1440,1176368.0
7517,1864544.0
11645,3114272.0
6375,2156248.0
3971,2225096.0
9552,2524984.0
11189,4746776.0
8265,2865584.0
5624,2019488.0
3584,2564760.0
7769,2137856.0
972,2051960.0
5787,2448032.0
3380,1406296.0
213,2625472.0
7394,3315472.0
2745,2805144.0
3562,2165048.0
11332,2854680.0
12505,3130400.0
4177,1641432.0
2660,1837496.0
10823,1348304.0
2750,2860160.0
631,1472240.0
2038,2008112.0
84,2257184.0
6626,2681504.0
12242,2760976.0
1322,1621912.0
6866,3089576.0
10834,2363128.0
8283,2593736.0
6026,2223208.0
59,2318352.0
11995,1416336.0
3330,1279712.0
2316,2549336.0
6566,3467944.0
497,2111272.0
3647,1454048.0
2909,1114352.0
2794,713688.0
3037,1049976.0
2390,1952712.0
10497,2312496.0
11166,3146448.0
2627,1889296.0
3784,2066520.0
508,2873704.0
6943,2333472.0
12914,1811752.0
1554,4280184.0
77,2548736.0
867,1587360.0
1817,2614784.0
2572,998824.0
10890,2006896.0
10986,3159664.0
1975,1668184.0
11756,2115968.0
1157,2754560.0
1631,1350536.0
428,2306656.0
11145,3576000.0
496,1497432.0
5102,2405232.0
7819,4141456.0
2518,1816416.0
2475,2398760.0
7424,1092792.0
3219,1563312.0
2222,1962888.0
4727,5257792.0
2279,892760.0
11770,4115032.0
2665,810032.0
12410,2977864.0
12,1707440.0
1217,1276848.0
5702,2828960.0
3500,2444080.0
6763,2854176.0
5933,2396432.0
12971,2592136.0
8268,1448656.0
943,2514856.0
508,2850000.0
3705,2286344.0
3647,2449760.0
8183,3026056.0
3760,2143120.0
4907,2510496.0
7350,3908872.0
4154,2970736.0
216,1335176.0
3480,3992120.0
1729,991048.0
1306,1701624.0
1591,1663624.0
10243,1587984.0
3626,1898584.0
2348,1825632.0
5248,3348584.0
9231,2479832.0
614,2318120.0
7436,2298424.0
1228,1362688.0
7966,1400224.0
2245,1728248.0
2382,3076328.0
7891,2033520.0
1075,1527760.0
1473,1803440.0
49,1636072.0
1027,1982296.0
3848,2927352.0
2252,2456616.0
596,1860168.0
4973,1232440.0
1786,655360.0
1264,1584384.0
596,809848.0
1888,1469736.0
7369,1869088.0
2235,1025912.0
2520,1156400.0
358,1203200.0
3430,978856.0
10161,3250784.0
10652,4007384.0
11698,3453216.0
730,1984576.0
1157,1326448.0
22,1078712.0
10409,1890472.0
1850,4612696.0
1410,2296128.0
2288,839224.0
1159,973488.0
8056,2043672.0
10799,1669704.0
7745,1361920.0
1536,1153360.0
2975,1191328.0
12420,3074960.0
2215,909424.0
9125,1975216.0
12464,4696072.0
12870,2547488.0
11231,2013528.0
3464,1568344.0
5965,1427992.0
2824,723848.0
7299,2923896.0
8902,1892768.0
5799,2555752.0
5943,1789128.0
10120,2707232.0
268,1806120.0
5571,2249664.0
1008,2701464.0
9708,517240.0
11214,1219688.0
12033,2967592.0
1701,1359360.0
5709,1350600.0
3434,2866792.0
7099,1805488.0
4223,3812560.0
73,1722304.0
6880,920520.0
6741,1864600.0
4529,1812200.0
1776,1272848.0
2483,3617968.0
174,1917392.0
8584,3574800.0
934,1183384.0
668,2901656.0
11819,2155416.0
1461,2446928.0
400,2020456.0
276,1399248.0
1333,2637080.0
1694,4878472.0
10603,1588152.0
4006,4264824.0
11172,3390528.0
10717,2983320.0
4493,907904.0
8349,3282896.0
10707,3797576.0
2163,1573472.0
2160,2248856.0
5138,2415688.0
761,644328.0
707,2142880.0
2703,2464640.0
11801,1277112.0
3283,1300960.0
1628,2329704.0
9866,2633904.0
3329,1784224.0
10053,2388544.0
1000,2511432.0
533,2795600.0
6928,1744448.0
1391,2842048.0
616,1210032.0
141,1670208.0
9885,3233784.0
9244,1763816.0
8566,2628592.0
2902,1058472.0
1532,2246016.0
2870,2000936.0
858,2776592.0
7574,2680216.0
4550,1607240.0
2909,2887680.0
631,4090752.0
12053,1293536.0
8243,2319440.0
6795,3111152.0
287,2052528.0
7337,2143824.0
9494,1935504.0
7104,2019400.0
11251,1446800.0
4030,1165016.0
15,1271520.0
498,2520008.0
11199,1993528.0
3400,1646728.0
3921,1969232.0
6328,3261904.0
2762,2758504.0
3194,1492984.0
11161,3323216.0
183,1891448.0
2034,1111552.0
829,710256.0
11976,2624504.0
5054,4194736.0
2995,2580328.0
12743,1557120.0
6685,2917080.0
1872,1465408.0
4088,3838176.0
4978,2807296.0
6437,1897224.0
1489,2325104.0
2308,2668960.0
12616,2173472.0
2933,2518696.0
2614,847072.0
694,1626344.0
108,1144952.0
3616,1246264.0
2942,1582112.0
1843,2359352.0
1798,769088.0
6772,2166504.0
9544,2838344.0
12663,2696840.0
7886,1254512.0
4083,3037384.0
1516,1558024.0
9130,2463216.0
1139,1542000.0
11504,6420952.0
1950,1413840.0
8293,2290920.0
1663,3337840.0
10818,2609816.0
2580,1793600.0
3210,907200.0
10800,2067224.0
10353,1871072.0
2092,870592.0
359,751600.0
5025,2529768.0
6851,2554296.0
10060,1281432.0
3940,1641304.0
161,2224480.0
648,2906904.0
1715,1463840.0
6021,1858752.0
1701,1353112.0
3953,2778952.0
2542,1532040.0
509,1735368.0
821,2720744.0
4283,2356648.0
348,1457136.0
12348,1367576.0
11674,2055912.0
2511,1735256.0
3664,1427240.0
959,1148496.0
8767,1323784.0
1002,707544.0
773,2061808.0
1431,1335128.0
9166,1094504.0
2252,1967664.0
7631,3312240.0
3242,1436360.0
137,1896432.0
6920,1738568.0
5510,3051448.0
2509,1287256.0
6881,2816176.0
8247,2888880.0
10932,3709288.0
8524,2038368.0
6304,3305408.0
742,2287304.0
1317,1610512.0
3235,1353144.0
10181,2233848.0
3535,1884776.0
1693,1699088.0
2254,1580744.0
11696,2875640.0
7399,1385848.0
7770,3228848.0
5263,2799504.0
483,947856.0
4378,2875096.0
7255,2163168.0
3260,2921056.0
7518,1917936.0
3093,1852784.0
5493,1114960.0
958,765864.0
2476,2629392.0
11851,1130392.0
5834,1592768.0
1130,1594368.0
7459,1383840.0
10248,1853368.0
2466,2125760.0
10257,5522584.0
9364,3294552.0
3089,5144304.0
1566,808320.0
9518,1474936.0
12035,1064824.0
2490,1608992.0
2983,1426512.0
2356,1859488.0
2545,1132024.0
3312,1794936.0
1117,1232360.0
23,2088360.0
1087,1201064.0
6386,1036584.0
7470,1723368.0
1757,2884088.0
9056,1100176.0
8483,1678280.0
2391,3976968.0
35,2205720.0
5355,3786128.0
9759,1776328.0
1304,2519664.0
3886,1232104.0
6818,2271376.0
2124,2152624.0
249,3190688.0
12953,2315504.0
630,1710824.0
10522,1170560.0
10338,2051624.0
3718,2699880.0
9797,1797504.0
2718,1800936.0
11744,2834328.0
11749,1702616.0
1809,1031544.0
3990,1532728.0
1349,1305872.0
3082,3202512.0
514,645056.0
2856,1473824.0
2166,2005872.0
4314,2370648.0
11408,3720456.0
2827,1736480.0
176,1719008.0
3062,2085872.0
7695,3425656.0
4571,2681912.0
11785,2485848.0
6579,2615896.0
2193,1914776.0
1756,1607096.0
11942,1090152.0
3891,3845640.0
8310,1629656.0
465,2242112.0
7066,1583552.0
10359,1252248.0
4403,3252056.0
10310,3171872.0
4643,4275472.0
3399,2322768.0
332,1365360.0
3319,1387352.0
2192,1913416.0
187,1786512.0
12995,2218480.0
4349,2484800.0
1218,1736424.0
10943,1655344.0
12675,2701456.0
384,1608808.0
2886,1587912.0
2544,1711144.0
609,3375840.0
2977,2183016.0
182,1226152.0
1150,2166536.0
472,2663032.0
12752,3287336.0
2807,1213904.0
2756,2867784.0
2456,3945648.0
3021,2544656.0
5145,3998808.0
1850,916008.0
1598,4755792.0
9697,2549192.0
36,1917392.0
12179,1106784.0
3828,1604872.0
5180,2829488.0
3722,4800408.0
1261,2192000.0
2962,1121712.0
1151,544736.0
8080,1412240.0
1877,2372136.0
6478,1754216.0
3381,3243288.0
2965,1645016.0
10735,2667368.0
1070,2590832.0
3662,1911384.0
1344,728408.0
7354,2740752.0
461,3052032.0
703,1701888.0
7977,2450768.0
1266,1588792.0
4658,2467536.0
3878,3185056.0
1514,657112.0
3355,1052672.0
229,1668560.0
5023,1203200.0
2168,679880.0
3124,2363504.0
9118,3849816.0
7051,2386704.0
246,743848.0
2980,2589072.0
1651,1442816.0
6082,2392656.0
3089,2351144.0
7758,2940224.0
3777,3674256.0
7962,1855648.0
303,1551088.0
1689,2067552.0
1027,1425360.0
2646,826496.0
2162,2757096.0
11461,546424.0
2844,846368.0
12933,3138704.0
1837,1313096.0
5775,3110032.0
11861,1386408.0
5386,2327136.0
7916,3682480.0
1895,2236736.0
961,1763072.0
528,1671568.0
8142,1995392.0
534,953872.0
1053,3631408.0
12866,2010624.0
4320,2734568.0
8286,1612856.0
2664,1114352.0
1131,1124952.0
4134,2668440.0
4739,2092904.0
4970,2234288.0
11447,1841104.0
94,3837248.0
791,1267896.0
11671,3785576.0
11048,1649704.0
857,1231440.0
7945,3762360.0
12958,2909208.0
8436,1618544.0
6740,2622096.0
9078,1431216.0
274,2430840.0
12499,2430432.0
2948,3061928.0
1841,2563416.0
8889,800224.0
11591,1117136.0
1433,2490720.0
3028,2102048.0
8961,2789024.0
12487,1773848.0
7691,1814696.0
5612,2044160.0
11045,4098368.0
12317,3251616.0
4013,2069048.0
300,1563176.0
2035,2697872.0
3373,2554560.0
6713,1391856.0
1875,1322264.0
1121,679872.0
12909,1818720.0
9291,1894456.0
7949,2813808.0
2513,2146576.0
3785,414632.0
5967,1391808.0
2138,2591968.0
1035,2106072.0
8054,3643752.0
1973,3504736.0
457,2064952.0
10658,4190512.0
2813,634968.0
1926,1444608.0
10958,2086152.0
8219,2937520.0
2724,3794072.0
1067,3355096.0
7002,2619256.0
1414,1006104.0
10357,2100720.0
3774,3861232.0
2617,1946584.0
3817,1288920.0
289,2820360.0
11459,2451072.0
2956,1594600.0
722,1901848.0
6914,1266120.0
458,1205112.0
2968,2781512.0
3987,1919864.0
1602,1801640.0
214,997648.0
756,1213520.0
12279,2559128.0
2355,1303880.0
11701,1154496.0
658,1413584.0
6831,1555232.0
8177,1426496.0
3347,2323440.0
6999,4714552.0
623,1963880.0
1179,2308360.0
12118,4033656.0
5238,3065632.0
4862,1199112.0
1117,1075880.0
456,2454888.0
3514,1587400.0
12209,3739672.0
2190,1222904.0
2322,2642352.0
4759,2799536.0
4077,1195264.0
1485,1379992.0
4107,1675456.0
7975,4094856.0
6255,3384760.0
298,2314560.0
3812,2458592.0
12304,1646832.0
2901,1263080.0
192,4469512.0
8375,2936808.0
2885,1901544.0
5549,3158136.0
10196,3492912.0
633,2248856.0
5360,2589640.0
984,4175656.0
1099,2237696.0
8811,2635616.0
192,986168.0
603,2798992.0
6803,2450104.0
9065,2616248.0
1043,1333288.0
1371,646888.0
5628,1384168.0
3644,2562136.0
6073,1596760.0
3793,2566432.0
7919,2300752.0
2121,1079744.0
1248,2140840.0
922,1657240.0
8195,1031544.0
4539,2018648.0
7801,2309120.0
1789,2989944.0
924,1030928.0
6817,2378432.0
12305,2294584.0
6653,1471720.0
10592,3113200.0
5511,2881256.0
2558,2153376.0
2657,1572096.0
314,4078128.0
2661,2645200.0
9527,2060096.0
3420,1325368.0
1622,1435120.0
9070,1339544.0
2407,1208456.0
3772,4226104.0
1858,1870024.0
5639,2569560.0
10954,4104416.0
2481,737240.0
5231,1719056.0
12798,3081216.0
3892,3807336.0
8873,2765816.0
1249,1492096.0
344,2216656.0
10811,2126800.0
9540,1106824.0
253,1744984.0
8123,794352.0
9578,1835400.0
2594,4552584.0
285,2367960.0
9157,3628664.0
2099,3258208.0
12714,2437720.0
919,2349440.0
4275,3185944.0
2984,1422320.0
9547,3239528.0
799,1570784.0
7065,3135320.0
1685,1320176.0
1699,1502144.0
4161,1811280.0
221,2835576.0
7243,2933032.0
1668,2713776.0
11679,2990256.0
964,2687928.0
11977,3218720.0
12718,4533992.0
2480,2047568.0
7697,2736392.0
2954,2651832.0
3934,1616936.0
1291,1785128.0
2055,518904.0
1386,3881456.0
1146,1114912.0
7005,2848472.0
284,1003688.0
12255,3539712.0
998,2202808.0
10518,965848.0
1359,801856.0
990,1155840.0
163,1448376.0
3363,1653744.0
10,1367248.0
464,2373472.0
10299,607816.0
950,947856.0
10419,2464280.0
9182,3232320.0
2432,1798064.0
12786,4272272.0
10055,1881256.0
4189,2859616.0
6811,1975024.0
856,1548368.0
3944,1109440.0
2049,1467600.0
1599,2480264.0
3510,959048.0
2932,1263920.0
1973,3872072.0
10079,1099000.0
1312,1087368.0
2155,607512.0
10804,1475064.0
1443,2484840.0
9465,1822888.0
3143,1139368.0
3163,1067744.0
5769,3568360.0
12764,2545912.0
10167,4684096.0
3875,1305264.0
259,1457296.0
4896,2452296.0
3137,1320184.0
521,860544.0
7036,3002552.0
11881,4793224.0
4405,1531824.0
8708,1299696.0
2921,499520.0
2189,1844264.0
1399,848760.0
2662,1303888.0
7405,3929160.0
4850,1947232.0
8929,5125856.0
2976,2833528.0
2619,1281360.0
1186,779736.0
12450,2092696.0
7516,1461616.0
4866,4418128.0
817,1905832.0
2819,2003968.0
6627,1783784.0
3423,1280720.0
302,1508440.0
598,2061120.0
2486,1925664.0
4277,2741568.0
2434,1114296.0
10911,2556232.0
76,2300112.0
10213,1841176.0
3504,1952256.0
2379,2066312.0
3299,2029760.0
11604,3501472.0
11895,1950688.0
2353,3079856.0
5187,3329208.0
148,1090688.0
2567,2481872.0
8667,1992688.0
1866,2093488.0
8858,2506952.0
2263,3367296.0
1788,2046872.0
1433,2282480.0
7070,1731856.0
3760,906184.0
332,2543368.0
923,1000016.0
1456,2852000.0
6725,3321536.0
9702,2140792.0
4543,2721072.0
3147,2394312.0
1827,953728.0
174,1659184.0
5391,3491136.0
9031,2993080.0
2901,2919760.0
1790,1474288.0
6513,2305928.0
7148,2197896.0
4646,2225112.0
3578,659464.0
1080,1273952.0
5894,2411120.0
6331,1581592.0
1636,2025896.0
1040,3812520.0
3826,1770528.0
8879,2797968.0
2688,3353624.0
2514,1008776.0
89,2187536.0
1535,3032920.0
7341,2597128.0
2041,687512.0
362,578096.0
8426,3703072.0
3456,1672824.0
1797,2060272.0
4962,1559056.0
3040,4449944.0
3183,1344192.0
1661,2917504.0
10124,2421368.0
10435,2230976.0
3721,1778312.0
1995,1379288.0
9816,3276120.0
2383,613352.0
12272,1905840.0
1820,2351160.0
1699,1510344.0
1023,1484840.0
1890,1831392.0
3822,1354488.0
2957,1638752.0
4429,1289880.0
4022,2974552.0
3702,5012976.0
6401,1707304.0
932,2100392.0
4351,2516616.0
147,1619400.0
726,1012336.0
5460,2643992.0
8732,2766488.0
4292,2653872.0
9867,2000008.0
11816,2644104.0
2874,741808.0
3897,1825344.0
414,2900000.0
1991,2412328.0
2372,1055320.0
755,2703784.0
12246,1373744.0
6781,2154000.0
9694,2912008.0
3911,1132248.0
1725,2434080.0
3912,617840.0
1087,1266912.0
9496,1445632.0
1226,1039936.0
5383,3238480.0
9834,3144176.0
418,2584112.0
9621,1553560.0
879,5203552.0
3317,5541032.0
1612,1222248.0
3709,3044224.0
4505,2492040.0
11043,2906904.0
830,2517376.0
10141,2363192.0
1060,1471512.0
11130,2322536.0
2802,2602368.0
4999,2467792.0
2946,1220256.0
1194,1011696.0
11177,3061848.0
4990,3835056.0
7302,2102256.0
5996,2624888.0
5143,2642624.0
2502,955200.0
1884,3089064.0
11305,2255328.0
1430,1899072.0
4439,1635056.0
10768,4873848.0
10560,1670432.0
539,1610456.0
9739,2603872.0
7493,1333928.0
2613,4434656.0
7420,2593824.0
5294,1762168.0
477,2567096.0
3181,1194008.0
5218,2932256.0
18,1169536.0
1960,1977176.0
7240,2585936.0
2826,2599592.0
1761,1526856.0
6276,2712264.0
2485,2267528.0
1509,2353728.0
10473,3008096.0
1365,4819824.0
3694,1234496.0
3973,1353976.0
2359,1826736.0
6690,3982336.0
7170,2285096.0
2441,1879256.0
2914,3087168.0
2739,1098768.0
115,1357760.0
2265,1439392.0
3253,2932768.0
990,4593456.0
2723,1543216.0
2112,1974000.0
1563,1507688.0
12122,5700768.0
2027,2672256.0
1476,1684184.0
4738,2338992.0
796,2673688.0
6205,1832096.0
6320,956456.0
2199,1006632.0
2871,2286200.0
3218,1318288.0
646,2592968.0
2924,3691272.0
8782,2818376.0
5336,2363192.0
1604,2889736.0
3447,1285424.0
12206,2181400.0
2184,2946320.0
492,1406936.0
3186,3936296.0
1450,1842600.0
11566,1130320.0
10609,3754104.0
12270,1291688.0
8712,2957632.0
8619,1572736.0
647,1192896.0
11338,1480184.0
6654,1837120.0
11038,1645568.0
11813,1429320.0
12858,2350424.0
12503,1783136.0
2400,1128112.0
1312,1153824.0
6271,1810352.0
10172,4647216.0
2631,2281608.0
871,925984.0
8482,1150880.0
675,1441640.0
189,1952888.0
6939,2027104.0
3941,1396584.0
2246,1003200.0
1567,1488856.0
9939,1465080.0
1406,2155000.0
2868,1319688.0
2621,1255544.0
8186,1484088.0
8608,2775720.0
8128,2144736.0
10328,795440.0
504,3119672.0
312,1854480.0
1992,1966776.0
1514,4420928.0
12097,3301752.0
3166,751320.0
48,2767856.0
7670,1617272.0
2488,948648.0
2953,1263280.0
6266,1534648.0
4578,3045136.0
12227,1344816.0
7597,2925824.0
889,2548280.0
7352,3211896.0
10948,1258912.0
6754,2157872.0
3211,1483448.0
8817,1964248.0
434,887304.0
3856,1219272.0
47,1150936.0
3263,1129640.0
865,3543304.0
4897,2604032.0
4160,2437672.0
11299,4261768.0
10969,2474888.0
2222,2477648.0
8510,1248528.0
2849,1988464.0
1517,1369768.0
2581,2800912.0
5455,1301272.0
2515,2728008.0
8354,1406936.0
3678,2113256.0
3533,1563272.0
7560,3708032.0
2931,1703376.0
3009,4039608.0
12164,1980904.0
11593,1656408.0
90,2976104.0
2829,2067192.0
7856,3585208.0
1893,1770072.0
1978,2265760.0
4263,1667752.0
211,2060848.0
9634,1795888.0
884,4098840.0
9846,2496856.0
2298,1738816.0
6445,1909832.0
1447,2096520.0
82,2811808.0
5296,3730512.0
11775,969584.0
2771,836432.0
1524,1308776.0
4181,2132136.0
681,1779808.0
1710,1093408.0
5179,908536.0
5058,2862568.0
6416,1483056.0
111,1247664.0
3457,3567768.0
12425,1907496.0
1420,1700552.0
9955,2793224.0
428,1442376.0
12020,1446624.0
1886,2321208.0
8240,1922640.0
11949,2690024.0
2730,907672.0
3412,3173880.0
12204,1119064.0
2358,1585912.0
1042,995632.0
9737,2955088.0
6424,3339608.0
5516,2595624.0
2860,1695200.0
1814,2891256.0
620,1047312.0
10075,4488416.0
1960,2830392.0
8350,1854792.0
10630,2185632.0
895,936728.0
7789,931104.0
11556,2062512.0
3296,1066368.0
1567,3699448.0
1131,835984.0
1136,1330568.0
1911,1012768.0
7792,1757656.0
534,2033520.0
3032,1119272.0
377,1465048.0
1372,1785128.0
2005,2376432.0
5501,2386064.0
289,2054904.0
9729,1924472.0
3790,3880904.0
3526,1229632.0
120,930784.0
11435,2842928.0
5621,2209464.0
10815,1906200.0
2656,1608016.0
5413,1898216.0
3293,1116192.0
7211,1671424.0
3210,3644384.0
6303,2596776.0
8457,2317168.0
2335,1623840.0
2478,2646600.0
12183,1595264.0
3683,3313200.0
12734,2257880.0
1180,2737120.0
11953,1561712.0
6423,4895896.0
9000,1867024.0
8956,917000.0
134,3860024.0
3376,1507064.0
4155,1892768.0
206,2743264.0
1767,1347360.0
11092,1594856.0
4788,987008.0
778,1607360.0
2881,2478632.0
4654,2945816.0
10192,4340016.0
12613,2223096.0
7899,2395560.0
1831,1443984.0
1272,1526464.0
10052,2709472.0
9022,3875872.0
3519,1798160.0
7368,861080.0
662,2395080.0
1187,2098592.0
312,2114224.0
8208,1714656.0
2176,1175208.0
2000,1168168.0
6729,1612312.0
12794,2313000.0
1199,1047792.0
793,1814088.0
4644,1658160.0
6850,742640.0
1488,1293320.0
1377,876296.0
3026,2185376.0
8585,2008848.0
1879,1598912.0
2681,1702920.0
9542,3257784.0
2734,2892424.0
3166,1163544.0
10719,2372376.0
1968,1068536.0
8085,3215288.0
5795,897704.0
2140,2110584.0
11562,5238376.0
4913,1399600.0
4468,2847456.0
9427,2083096.0
4548,1377936.0
2494,1245160.0
3401,2426648.0
1684,2740392.0
1354,727496.0
10021,1858608.0
9423,1646976.0
227,1528464.0
12177,1384432.0
2727,1704088.0
3824,1158576.0
5642,2861600.0
6477,4040520.0
5953,1629248.0
8791,3097984.0
7441,4590872.0
11602,1035088.0
1048,1727680.0
2050,2533360.0
603,850912.0
3285,1254768.0
1389,1305120.0
1836,911448.0
3994,902032.0
8185,2521592.0
2632,1728064.0
3758,4244072.0
675,3358272.0
1232,1236512.0
6779,2242496.0
10030,3317200.0
7908,2299352.0
3558,1397648.0
3861,1943496.0
6965,1480272.0
10731,2569304.0
6774,3081576.0
67,2469912.0
9551,2780464.0
12496,2851336.0
1121,1972808.0
305,1687880.0
11044,1178040.0
1416,1990232.0
3877,2666776.0
693,781056.0
9259,2013256.0
8780,1517392.0
8401,2851576.0
4584,887880.0
1923,1659608.0
242,3170680.0
8491,4184712.0
60,3278632.0
1852,2289200.0
2939,1212272.0
3287,1644824.0
522,1858976.0
2971,1453432.0
12293,3273760.0
5282,2449632.0
32,1089872.0
8797,2408816.0
438,2163440.0
1449,978512.0
718,3234584.0
2850,753040.0
1896,1560376.0
3976,2368288.0
1968,2719008.0
12836,1342408.0
12750,2621664.0
1937,1325704.0
11526,3244376.0
3372,2336768.0
1793,1871384.0
1635,1598736.0
10451,3125808.0
8952,1612304.0
4838,2595640.0
1214,5412144.0
10316,1687104.0
8341,1019240.0
2537,1949760.0
9976,2902848.0
12124,2063416.0
5441,2789128.0
7825,2449448.0
3853,577544.0
1829,2479088.0
2079,1195768.0
2087,1786928.0
9613,2153392.0
10345,2869224.0
3191,1987712.0
2384,2767472.0
10389,1250048.0
4753,1874376.0
1612,3235968.0
12945,1071720.0
6363,2540168.0
4169,1838056.0
12172,2630640.0
5583,2140632.0
12950,6243208.0
6448,2358616.0
2406,996168.0
1539,1839384.0
2531,3382384.0
7730,4266608.0
8829,1500096.0
4813,2117288.0
2570,2316872.0
8838,1897488.0
9158,1644296.0
910,2682808.0
1128,2826512.0
3565,3821656.0
5234,2707224.0
379,882216.0
1999,3334632.0
4780,2446288.0
2499,2345376.0
12320,3606256.0
2772,1458192.0
2325,1343296.0
3133,1019304.0
3909,3388864.0
894,1999904.0
3639,722040.0
3576,3042576.0
1783,984392.0
5099,1138736.0
943,1253032.0
7765,1068032.0
108,792624.0
242,2158304.0
1321,1882360.0
9492,1620736.0
2024,1283504.0
419,2196296.0
3344,1452872.0
998,3567256.0
9475,3328048.0
2770,2192272.0
4070,2125400.0
7752,2210448.0
770,1538184.0
5409,2551256.0
9821,2188216.0
4051,2308824.0
859,1519376.0
12296,1530480.0
8114,2259496.0
11815,2387576.0
6438,1637640.0
2342,3077584.0
10375,3939720.0
911,3848608.0
11516,3044552.0
11829,2189880.0
3702,1546944.0
3309,1056032.0
1825,999456.0
9818,618016.0
9399,1845800.0
3391,2672472.0
860,1069160.0
376,2290224.0
8854,667064.0
3800,665128.0
1566,1764736.0
1994,3589408.0
2417,1472832.0
5350,1922752.0
2541,2084432.0
4820,3037496.0
5153,2220872.0
1628,2644632.0
11416,3046960.0
12539,1918936.0
8245,2762520.0
7746,2417472.0
7062,1887456.0
12092,3864832.0
3916,1859448.0
1569,863952.0
1208,1366760.0
2696,2723504.0
8772,2482744.0
8532,2719736.0
1264,1154592.0
804,3269976.0
2949,1542696.0
3645,1478720.0
6156,2297928.0
2227,1823944.0
7993,2298176.0
4145,2074624.0
2314,2759336.0
2109,2217688.0
1954,2391392.0
2331,1510872.0
6020,1267432.0
601,1742864.0
6493,1634496.0
2648,2594936.0
183,1639176.0
4706,2276736.0
7850,1470784.0
7404,2036592.0
547,3162416.0
8681,2931296.0
3159,1662968.0
3020,2574664.0
1852,2597248.0
1966,2753264.0
1124,1156400.0
10944,3991672.0
11703,1116072.0
632,891528.0
5850,2253976.0
12875,1571976.0
8675,2780512.0
321,2933304.0
10619,1895976.0
4872,3472752.0
9788,698552.0
10183,2449448.0
807,1916392.0
2710,1551080.0
9667,2461472.0
598,645048.0
12577,1976680.0
7973,4146696.0
3345,2584640.0
1665,1016328.0
9572,2916328.0
3292,2175176.0
1589,1858968.0
10867,3323240.0
5980,2877688.0
2356,1260928.0
3159,1562920.0
1637,2497400.0
11333,1244096.0
123,1841712.0
2349,2398664.0
2974,1317504.0
3855,3257952.0
10505,2629328.0
11365,1178256.0
1131,1360336.0
1289,1743824.0
640,655360.0
7848,2644776.0
2854,1785536.0
854,2963920.0
2472,3090840.0
8366,3030312.0
3820,2087328.0
2412,3035768.0
3152,1140616.0
727,605288.0
10255,3311608.0
4927,963616.0
9698,1617608.0
1990,1547848.0
10650,1481288.0
8433,3053048.0
454,1627056.0
1292,2388792.0
2381,2213248.0
11259,666176.0
551,2433152.0
6500,2669032.0
5041,1979168.0
6421,1058336.0
1452,1103688.0
3298,2109344.0
8826,2124472.0
1974,1367536.0
11312,1881256.0
1594,1740312.0
2416,2067408.0
10195,2075512.0
9455,1456368.0
11736,3452568.0
